ID1,ID2,time,value
1,2,11/13/2010 12:00:00 AM,130
1,2,11/20/2010 12:00:00 AM,222
1,2,11/27/2010 12:00:00 AM,166
1,2,12/4/2010 12:00:00 AM,174
1,2,12/11/2010 12:00:00 AM,236
1,2,12/18/2010 12:00:00 AM,350
1,2,12/25/2010 12:00:00 AM,216
1,2,1/1/2011 12:00:00 AM,230
1,2,1/8/2011 12:00:00 AM,268
1,2,1/15/2011 12:00:00 AM,332
1,2,1/22/2011 12:00:00 AM,280
1,2,1/29/2011 12:00:00 AM,214
1,2,2/5/2011 12:00:00 AM,220
1,2,2/12/2011 12:00:00 AM,276
1,2,2/19/2011 12:00:00 AM,218
1,2,2/26/2011 12:00:00 AM,226
1,2,3/5/2011 12:00:00 AM,246
1,2,3/12/2011 12:00:00 AM,340
1,2,3/19/2011 12:00:00 AM,212
1,2,3/26/2011 12:00:00 AM,300
1,2,4/2/2011 12:00:00 AM,214
1,2,4/9/2011 12:00:00 AM,348
1,2,4/16/2011 12:00:00 AM,390
1,2,4/23/2011 12:00:00 AM,346
1,2,4/30/2011 12:00:00 AM,402
1,2,5/7/2011 12:00:00 AM,306
1,2,5/14/2011 12:00:00 AM,318
1,2,5/21/2011 12:00:00 AM,286
1,2,5/28/2011 12:00:00 AM,250
1,2,6/4/2011 12:00:00 AM,170
1,2,6/11/2011 12:00:00 AM,334
1,2,6/18/2011 12:00:00 AM,256
1,2,6/25/2011 12:00:00 AM,264
1,2,7/2/2011 12:00:00 AM,226
1,2,7/9/2011 12:00:00 AM,290
1,2,7/16/2011 12:00:00 AM,352
1,2,7/23/2011 12:00:00 AM,248
1,2,7/30/2011 12:00:00 AM,262
1,2,8/6/2011 12:00:00 AM,272
1,2,8/13/2011 12:00:00 AM,288
1,2,8/20/2011 12:00:00 AM,198
1,2,8/27/2011 12:00:00 AM,228
1,2,9/3/2011 12:00:00 AM,200
1,2,9/10/2011 12:00:00 AM,254
1,2,9/17/2011 12:00:00 AM,292
1,2,9/24/2011 12:00:00 AM,272
1,2,10/1/2011 12:00:00 AM,314
1,2,10/8/2011 12:00:00 AM,398
1,2,10/15/2011 12:00:00 AM,318
1,2,10/22/2011 12:00:00 AM,250
1,2,10/29/2011 12:00:00 AM,222
1,2,11/5/2011 12:00:00 AM,240
1,2,11/12/2011 12:00:00 AM,340
1,2,11/19/2011 12:00:00 AM,268
1,2,11/26/2011 12:00:00 AM,222
1,2,12/3/2011 12:00:00 AM,208
1,2,12/10/2011 12:00:00 AM,320
1,2,12/17/2011 12:00:00 AM,252
1,2,12/24/2011 12:00:00 AM,244
1,2,12/31/2011 12:00:00 AM,248
1,2,1/7/2012 12:00:00 AM,274
1,2,1/14/2012 12:00:00 AM,248
1,2,1/21/2012 12:00:00 AM,250
1,2,1/28/2012 12:00:00 AM,206
1,2,2/4/2012 12:00:00 AM,190
1,2,2/11/2012 12:00:00 AM,334
1,2,2/18/2012 12:00:00 AM,248
1,2,2/25/2012 12:00:00 AM,284
1,2,3/3/2012 12:00:00 AM,228
1,2,3/10/2012 12:00:00 AM,258
1,2,3/17/2012 12:00:00 AM,276
1,2,3/24/2012 12:00:00 AM,270
1,2,3/31/2012 12:00:00 AM,222
1,2,4/7/2012 12:00:00 AM,332
1,2,4/14/2012 12:00:00 AM,310
1,2,4/21/2012 12:00:00 AM,314
1,2,4/28/2012 12:00:00 AM,274
1,2,5/5/2012 12:00:00 AM,334
1,2,5/12/2012 12:00:00 AM,288
1,2,5/19/2012 12:00:00 AM,200
1,2,5/26/2012 12:00:00 AM,230
1,2,6/2/2012 12:00:00 AM,234
1,2,6/9/2012 12:00:00 AM,294
1,2,6/16/2012 12:00:00 AM,246
1,2,6/23/2012 12:00:00 AM,216
1,2,6/30/2012 12:00:00 AM,272
1,2,7/7/2012 12:00:00 AM,298
1,2,7/14/2012 12:00:00 AM,200
1,2,7/21/2012 12:00:00 AM,216
1,2,7/28/2012 12:00:00 AM,220
1,2,8/4/2012 12:00:00 AM,254
1,2,8/11/2012 12:00:00 AM,324
1,2,8/18/2012 12:00:00 AM,250
1,2,8/25/2012 12:00:00 AM,252
1,2,9/1/2012 12:00:00 AM,200
1,2,9/8/2012 12:00:00 AM,244
1,2,9/15/2012 12:00:00 AM,178
1,2,9/22/2012 12:00:00 AM,188
1,2,9/29/2012 12:00:00 AM,230
1,2,10/6/2012 12:00:00 AM,214
1,2,10/13/2012 12:00:00 AM,226
1,2,10/20/2012 12:00:00 AM,248
1,2,10/27/2012 12:00:00 AM,162
1,2,11/3/2012 12:00:00 AM,204
1,2,11/10/2012 12:00:00 AM,244
1,2,11/17/2012 12:00:00 AM,188
1,2,11/24/2012 12:00:00 AM,138
1,2,12/1/2012 12:00:00 AM,202
1,2,12/8/2012 12:00:00 AM,194
1,2,12/15/2012 12:00:00 AM,152
1,2,12/22/2012 12:00:00 AM,168
1,2,12/29/2012 12:00:00 AM,140
1,2,1/5/2013 12:00:00 AM,202
1,2,1/12/2013 12:00:00 AM,214
1,2,1/19/2013 12:00:00 AM,184
1,2,1/26/2013 12:00:00 AM,156
1,2,2/2/2013 12:00:00 AM,136
1,2,2/9/2013 12:00:00 AM,208
1,2,2/16/2013 12:00:00 AM,200
1,2,2/23/2013 12:00:00 AM,184
1,2,3/2/2013 12:00:00 AM,162
1,2,3/9/2013 12:00:00 AM,218
1,2,3/16/2013 12:00:00 AM,246
1,2,3/23/2013 12:00:00 AM,182
1,2,3/30/2013 12:00:00 AM,190
1,2,4/6/2013 12:00:00 AM,200
1,2,4/13/2013 12:00:00 AM,242
1,2,4/20/2013 12:00:00 AM,224
1,2,4/27/2013 12:00:00 AM,164
1,2,5/4/2013 12:00:00 AM,184
1,2,5/11/2013 12:00:00 AM,198
1,2,5/18/2013 12:00:00 AM,202
1,2,5/25/2013 12:00:00 AM,158
1,2,6/1/2013 12:00:00 AM,228
1,2,6/8/2013 12:00:00 AM,228
1,2,6/15/2013 12:00:00 AM,186
1,2,6/22/2013 12:00:00 AM,202
1,2,6/29/2013 12:00:00 AM,192
1,2,7/6/2013 12:00:00 AM,226
1,2,7/13/2013 12:00:00 AM,236
1,2,7/20/2013 12:00:00 AM,192
1,2,7/27/2013 12:00:00 AM,172
1,2,8/3/2013 12:00:00 AM,156
1,2,8/10/2013 12:00:00 AM,232
1,2,8/17/2013 12:00:00 AM,186
1,2,8/24/2013 12:00:00 AM,160
1,2,8/31/2013 12:00:00 AM,188
1,2,9/7/2013 12:00:00 AM,222
1,2,9/14/2013 12:00:00 AM,268
1,2,9/21/2013 12:00:00 AM,144
1,2,9/28/2013 12:00:00 AM,160
1,2,10/5/2013 12:00:00 AM,178
1,2,10/12/2013 12:00:00 AM,238
1,2,10/19/2013 12:00:00 AM,174
1,2,10/26/2013 12:00:00 AM,164
1,2,11/9/2013 12:00:00 AM,212
1,2,11/16/2013 12:00:00 AM,170
1,2,11/23/2013 12:00:00 AM,176
1,2,11/30/2013 12:00:00 AM,160
1,2,12/7/2013 12:00:00 AM,210
1,2,12/14/2013 12:00:00 AM,208
1,2,12/21/2013 12:00:00 AM,126
1,2,12/28/2013 12:00:00 AM,168
2,1,11/6/2010 12:00:00 AM,144
2,1,11/13/2010 12:00:00 AM,142
2,1,11/20/2010 12:00:00 AM,104
2,1,11/27/2010 12:00:00 AM,100
2,1,12/4/2010 12:00:00 AM,128
2,1,12/11/2010 12:00:00 AM,154
2,1,12/18/2010 12:00:00 AM,104
2,1,12/25/2010 12:00:00 AM,102
2,1,1/1/2011 12:00:00 AM,134
2,1,1/8/2011 12:00:00 AM,96
2,1,1/15/2011 12:00:00 AM,128
2,1,1/22/2011 12:00:00 AM,156
2,1,1/29/2011 12:00:00 AM,182
2,1,2/5/2011 12:00:00 AM,156
2,1,2/12/2011 12:00:00 AM,174
2,1,2/19/2011 12:00:00 AM,168
2,1,2/26/2011 12:00:00 AM,180
2,1,3/5/2011 12:00:00 AM,170
2,1,3/12/2011 12:00:00 AM,206
2,1,3/19/2011 12:00:00 AM,136
2,1,3/26/2011 12:00:00 AM,144
2,1,4/2/2011 12:00:00 AM,146
2,1,4/9/2011 12:00:00 AM,84
2,1,4/16/2011 12:00:00 AM,124
2,1,4/23/2011 12:00:00 AM,112
2,1,4/30/2011 12:00:00 AM,134
2,1,5/7/2011 12:00:00 AM,178
2,1,5/14/2011 12:00:00 AM,180
2,1,5/21/2011 12:00:00 AM,166
2,1,5/28/2011 12:00:00 AM,148
2,1,6/4/2011 12:00:00 AM,132
2,1,6/11/2011 12:00:00 AM,186
2,1,6/18/2011 12:00:00 AM,188
2,1,6/25/2011 12:00:00 AM,230
2,1,7/2/2011 12:00:00 AM,146
2,1,7/9/2011 12:00:00 AM,142
2,1,7/16/2011 12:00:00 AM,114
2,1,7/23/2011 12:00:00 AM,102
2,1,7/30/2011 12:00:00 AM,110
2,1,8/6/2011 12:00:00 AM,96
2,1,8/13/2011 12:00:00 AM,126
2,1,8/20/2011 12:00:00 AM,68
2,1,8/27/2011 12:00:00 AM,98
2,1,9/3/2011 12:00:00 AM,112
2,1,9/10/2011 12:00:00 AM,114
2,1,9/17/2011 12:00:00 AM,80
2,1,9/24/2011 12:00:00 AM,120
2,1,10/1/2011 12:00:00 AM,106
2,1,10/8/2011 12:00:00 AM,104
2,1,10/15/2011 12:00:00 AM,98
2,1,10/22/2011 12:00:00 AM,120
2,1,10/29/2011 12:00:00 AM,84
2,1,11/5/2011 12:00:00 AM,116
2,1,11/12/2011 12:00:00 AM,130
2,1,11/19/2011 12:00:00 AM,124
2,1,11/26/2011 12:00:00 AM,112
2,1,12/3/2011 12:00:00 AM,106
2,1,12/10/2011 12:00:00 AM,140
2,1,12/17/2011 12:00:00 AM,112
2,1,12/24/2011 12:00:00 AM,136
2,1,12/31/2011 12:00:00 AM,192
2,1,1/7/2012 12:00:00 AM,164
2,1,1/14/2012 12:00:00 AM,148
2,1,1/21/2012 12:00:00 AM,188
2,1,1/28/2012 12:00:00 AM,140
2,1,2/4/2012 12:00:00 AM,156
2,1,2/11/2012 12:00:00 AM,210
2,1,2/18/2012 12:00:00 AM,150
2,1,2/25/2012 12:00:00 AM,114
2,1,3/3/2012 12:00:00 AM,148
2,1,3/10/2012 12:00:00 AM,184
2,1,3/17/2012 12:00:00 AM,126
2,1,3/24/2012 12:00:00 AM,96
2,1,3/31/2012 12:00:00 AM,114
2,1,4/7/2012 12:00:00 AM,118
2,1,4/14/2012 12:00:00 AM,112
2,1,4/21/2012 12:00:00 AM,148
2,1,4/28/2012 12:00:00 AM,110
2,1,5/5/2012 12:00:00 AM,132
2,1,5/12/2012 12:00:00 AM,168
2,1,5/19/2012 12:00:00 AM,180
2,1,5/26/2012 12:00:00 AM,138
2,1,6/2/2012 12:00:00 AM,196
2,1,6/9/2012 12:00:00 AM,174
2,1,6/16/2012 12:00:00 AM,208
2,1,6/23/2012 12:00:00 AM,150
2,1,6/30/2012 12:00:00 AM,148
2,1,7/7/2012 12:00:00 AM,144
2,1,7/14/2012 12:00:00 AM,180
2,1,7/21/2012 12:00:00 AM,142
2,1,7/28/2012 12:00:00 AM,134
2,1,8/4/2012 12:00:00 AM,136
2,1,8/11/2012 12:00:00 AM,202
2,1,8/18/2012 12:00:00 AM,194
2,1,8/25/2012 12:00:00 AM,154
2,1,9/1/2012 12:00:00 AM,134
2,1,9/8/2012 12:00:00 AM,154
2,1,9/15/2012 12:00:00 AM,152
2,1,9/22/2012 12:00:00 AM,142
2,1,9/29/2012 12:00:00 AM,124
2,1,10/6/2012 12:00:00 AM,120
2,1,10/13/2012 12:00:00 AM,112
2,1,10/20/2012 12:00:00 AM,160
2,1,10/27/2012 12:00:00 AM,144
2,1,11/3/2012 12:00:00 AM,146
2,1,11/10/2012 12:00:00 AM,168
2,1,11/17/2012 12:00:00 AM,140
2,1,11/24/2012 12:00:00 AM,146
2,1,12/1/2012 12:00:00 AM,118
2,1,12/8/2012 12:00:00 AM,70
2,1,12/15/2012 12:00:00 AM,146
2,1,12/22/2012 12:00:00 AM,140
2,1,12/29/2012 12:00:00 AM,150
2,1,1/5/2013 12:00:00 AM,162
2,1,1/12/2013 12:00:00 AM,128
2,1,1/19/2013 12:00:00 AM,152
2,1,1/26/2013 12:00:00 AM,278
2,1,2/2/2013 12:00:00 AM,156
2,1,2/9/2013 12:00:00 AM,110
2,1,2/16/2013 12:00:00 AM,240
2,1,2/23/2013 12:00:00 AM,192
2,1,3/2/2013 12:00:00 AM,230
2,1,3/9/2013 12:00:00 AM,220
2,1,3/16/2013 12:00:00 AM,166
2,1,3/23/2013 12:00:00 AM,162
2,1,3/30/2013 12:00:00 AM,208
2,1,4/6/2013 12:00:00 AM,208
2,1,4/13/2013 12:00:00 AM,134
2,1,4/20/2013 12:00:00 AM,178
2,1,4/27/2013 12:00:00 AM,212
2,1,5/4/2013 12:00:00 AM,272
2,1,5/11/2013 12:00:00 AM,208
2,1,5/18/2013 12:00:00 AM,164
2,1,5/25/2013 12:00:00 AM,152
2,1,6/1/2013 12:00:00 AM,206
2,1,6/8/2013 12:00:00 AM,234
2,1,6/15/2013 12:00:00 AM,172
2,1,6/22/2013 12:00:00 AM,156
2,1,6/29/2013 12:00:00 AM,184
2,1,7/6/2013 12:00:00 AM,264
2,1,7/13/2013 12:00:00 AM,136
2,1,7/20/2013 12:00:00 AM,148
2,1,7/27/2013 12:00:00 AM,142
2,1,8/3/2013 12:00:00 AM,114
2,1,8/10/2013 12:00:00 AM,122
2,1,8/17/2013 12:00:00 AM,160
2,1,8/24/2013 12:00:00 AM,158
2,1,8/31/2013 12:00:00 AM,108
2,1,9/7/2013 12:00:00 AM,154
2,1,9/14/2013 12:00:00 AM,146
2,1,9/21/2013 12:00:00 AM,134
2,1,9/28/2013 12:00:00 AM,122
2,1,10/5/2013 12:00:00 AM,112
2,1,10/12/2013 12:00:00 AM,142
2,1,10/19/2013 12:00:00 AM,168
2,1,10/26/2013 12:00:00 AM,128
2,1,11/9/2013 12:00:00 AM,164
2,1,11/16/2013 12:00:00 AM,146
2,1,11/23/2013 12:00:00 AM,166
2,1,11/30/2013 12:00:00 AM,136
2,1,12/7/2013 12:00:00 AM,112
2,1,12/14/2013 12:00:00 AM,132
2,1,12/21/2013 12:00:00 AM,196
2,1,12/28/2013 12:00:00 AM,184
3,1,11/6/2010 12:00:00 AM,60
3,1,11/13/2010 12:00:00 AM,70
3,1,11/20/2010 12:00:00 AM,44
3,1,11/27/2010 12:00:00 AM,42
3,1,12/4/2010 12:00:00 AM,58
3,1,12/11/2010 12:00:00 AM,94
3,1,12/18/2010 12:00:00 AM,76
3,1,12/25/2010 12:00:00 AM,58
3,1,1/1/2011 12:00:00 AM,62
3,1,1/8/2011 12:00:00 AM,54
3,1,1/15/2011 12:00:00 AM,64
3,1,1/22/2011 12:00:00 AM,58
3,1,1/29/2011 12:00:00 AM,120
3,1,2/5/2011 12:00:00 AM,82
3,1,2/12/2011 12:00:00 AM,86
3,1,2/19/2011 12:00:00 AM,120
3,1,2/26/2011 12:00:00 AM,118
3,1,3/5/2011 12:00:00 AM,98
3,1,3/12/2011 12:00:00 AM,116
3,1,3/19/2011 12:00:00 AM,104
3,1,3/26/2011 12:00:00 AM,94
3,1,4/2/2011 12:00:00 AM,84
3,1,4/9/2011 12:00:00 AM,106
3,1,4/16/2011 12:00:00 AM,104
3,1,4/23/2011 12:00:00 AM,68
3,1,4/30/2011 12:00:00 AM,56
3,1,5/7/2011 12:00:00 AM,68
3,1,5/14/2011 12:00:00 AM,78
3,1,5/21/2011 12:00:00 AM,96
3,1,5/28/2011 12:00:00 AM,64
3,1,6/4/2011 12:00:00 AM,72
3,1,6/11/2011 12:00:00 AM,78
3,1,6/18/2011 12:00:00 AM,88
3,1,6/25/2011 12:00:00 AM,80
3,1,7/2/2011 12:00:00 AM,64
3,1,7/9/2011 12:00:00 AM,96
3,1,7/16/2011 12:00:00 AM,102
3,1,7/23/2011 12:00:00 AM,58
3,1,7/30/2011 12:00:00 AM,42
3,1,8/6/2011 12:00:00 AM,46
3,1,8/13/2011 12:00:00 AM,64
3,1,8/20/2011 12:00:00 AM,58
3,1,8/27/2011 12:00:00 AM,62
3,1,9/3/2011 12:00:00 AM,58
3,1,9/10/2011 12:00:00 AM,48
3,1,9/17/2011 12:00:00 AM,54
3,1,9/24/2011 12:00:00 AM,42
3,1,10/1/2011 12:00:00 AM,32
3,1,10/8/2011 12:00:00 AM,68
3,1,10/15/2011 12:00:00 AM,52
3,1,10/22/2011 12:00:00 AM,44
3,1,10/29/2011 12:00:00 AM,40
3,1,11/5/2011 12:00:00 AM,52
3,1,11/12/2011 12:00:00 AM,62
3,1,11/19/2011 12:00:00 AM,76
3,1,11/26/2011 12:00:00 AM,72
3,1,12/3/2011 12:00:00 AM,30
3,1,12/10/2011 12:00:00 AM,40
3,1,12/17/2011 12:00:00 AM,66
3,1,12/24/2011 12:00:00 AM,72
3,1,12/31/2011 12:00:00 AM,58
3,1,1/7/2012 12:00:00 AM,56
3,1,1/14/2012 12:00:00 AM,72
3,1,1/21/2012 12:00:00 AM,62
3,1,1/28/2012 12:00:00 AM,60
3,1,2/4/2012 12:00:00 AM,62
3,1,2/11/2012 12:00:00 AM,82
3,1,2/18/2012 12:00:00 AM,92
3,1,2/25/2012 12:00:00 AM,62
3,1,3/3/2012 12:00:00 AM,62
3,1,3/10/2012 12:00:00 AM,94
3,1,3/17/2012 12:00:00 AM,78
3,1,3/24/2012 12:00:00 AM,96
3,1,3/31/2012 12:00:00 AM,92
3,1,4/7/2012 12:00:00 AM,90
3,1,4/14/2012 12:00:00 AM,120
3,1,4/21/2012 12:00:00 AM,78
3,1,4/28/2012 12:00:00 AM,98
3,1,5/5/2012 12:00:00 AM,96
3,1,5/12/2012 12:00:00 AM,92
3,1,5/19/2012 12:00:00 AM,94
3,1,5/26/2012 12:00:00 AM,66
3,1,6/2/2012 12:00:00 AM,104
3,1,6/9/2012 12:00:00 AM,94
3,1,6/16/2012 12:00:00 AM,84
3,1,6/23/2012 12:00:00 AM,100
3,1,6/30/2012 12:00:00 AM,92
3,1,7/7/2012 12:00:00 AM,88
3,1,7/14/2012 12:00:00 AM,72
3,1,7/21/2012 12:00:00 AM,48
3,1,7/28/2012 12:00:00 AM,60
3,1,8/4/2012 12:00:00 AM,62
3,1,8/11/2012 12:00:00 AM,72
3,1,8/18/2012 12:00:00 AM,98
3,1,8/25/2012 12:00:00 AM,82
3,1,9/1/2012 12:00:00 AM,34
3,1,9/8/2012 12:00:00 AM,56
3,1,9/15/2012 12:00:00 AM,68
3,1,9/22/2012 12:00:00 AM,54
3,1,9/29/2012 12:00:00 AM,54
3,1,10/6/2012 12:00:00 AM,64
3,1,10/13/2012 12:00:00 AM,60
3,1,10/20/2012 12:00:00 AM,52
3,1,10/27/2012 12:00:00 AM,52
3,1,11/3/2012 12:00:00 AM,58
3,1,11/10/2012 12:00:00 AM,58
3,1,11/17/2012 12:00:00 AM,56
3,1,11/24/2012 12:00:00 AM,74
3,1,12/1/2012 12:00:00 AM,62
3,1,12/8/2012 12:00:00 AM,46
3,1,12/15/2012 12:00:00 AM,36
3,1,12/22/2012 12:00:00 AM,30
3,1,12/29/2012 12:00:00 AM,30
3,1,1/5/2013 12:00:00 AM,36
3,1,1/12/2013 12:00:00 AM,38
3,1,1/19/2013 12:00:00 AM,30
3,1,1/26/2013 12:00:00 AM,34
3,1,2/2/2013 12:00:00 AM,28
3,1,2/9/2013 12:00:00 AM,54
3,1,2/16/2013 12:00:00 AM,54
3,1,2/23/2013 12:00:00 AM,66
3,1,3/2/2013 12:00:00 AM,68
3,1,3/9/2013 12:00:00 AM,60
3,1,3/16/2013 12:00:00 AM,56
3,1,3/23/2013 12:00:00 AM,100
3,1,3/30/2013 12:00:00 AM,62
3,1,4/6/2013 12:00:00 AM,58
3,1,4/13/2013 12:00:00 AM,98
3,1,4/20/2013 12:00:00 AM,66
3,1,4/27/2013 12:00:00 AM,102
3,1,5/4/2013 12:00:00 AM,116
3,1,5/11/2013 12:00:00 AM,98
3,1,5/18/2013 12:00:00 AM,112
3,1,5/25/2013 12:00:00 AM,74
3,1,6/1/2013 12:00:00 AM,76
3,1,6/8/2013 12:00:00 AM,106
3,1,6/15/2013 12:00:00 AM,98
3,1,6/22/2013 12:00:00 AM,76
3,1,6/29/2013 12:00:00 AM,80
3,1,7/6/2013 12:00:00 AM,114
3,1,7/13/2013 12:00:00 AM,100
3,1,7/20/2013 12:00:00 AM,80
3,1,7/27/2013 12:00:00 AM,52
3,1,8/3/2013 12:00:00 AM,40
3,1,8/10/2013 12:00:00 AM,34
3,1,8/17/2013 12:00:00 AM,52
3,1,8/24/2013 12:00:00 AM,36
3,1,8/31/2013 12:00:00 AM,50
3,1,9/7/2013 12:00:00 AM,52
3,1,9/14/2013 12:00:00 AM,68
3,1,9/21/2013 12:00:00 AM,58
3,1,9/28/2013 12:00:00 AM,40
3,1,10/5/2013 12:00:00 AM,44
3,1,10/12/2013 12:00:00 AM,62
3,1,10/19/2013 12:00:00 AM,54
3,1,10/26/2013 12:00:00 AM,62
3,1,11/9/2013 12:00:00 AM,54
3,1,11/16/2013 12:00:00 AM,74
3,1,11/23/2013 12:00:00 AM,62
3,1,11/30/2013 12:00:00 AM,60
3,1,12/7/2013 12:00:00 AM,70
3,1,12/14/2013 12:00:00 AM,80
3,1,12/21/2013 12:00:00 AM,70
3,1,12/28/2013 12:00:00 AM,50
4,2,11/6/2010 12:00:00 AM,440
4,2,11/13/2010 12:00:00 AM,314
4,2,11/20/2010 12:00:00 AM,238
4,2,11/27/2010 12:00:00 AM,244
4,2,12/4/2010 12:00:00 AM,346
4,2,12/11/2010 12:00:00 AM,340
4,2,12/18/2010 12:00:00 AM,350
4,2,12/25/2010 12:00:00 AM,264
4,2,1/1/2011 12:00:00 AM,294
4,2,1/8/2011 12:00:00 AM,352
4,2,1/15/2011 12:00:00 AM,476
4,2,1/22/2011 12:00:00 AM,358
4,2,1/29/2011 12:00:00 AM,298
4,2,2/5/2011 12:00:00 AM,400
4,2,2/12/2011 12:00:00 AM,436
4,2,2/19/2011 12:00:00 AM,326
4,2,2/26/2011 12:00:00 AM,292
4,2,3/5/2011 12:00:00 AM,280
4,2,3/12/2011 12:00:00 AM,416
4,2,3/19/2011 12:00:00 AM,420
4,2,3/26/2011 12:00:00 AM,294
4,2,4/2/2011 12:00:00 AM,300
4,2,4/9/2011 12:00:00 AM,442
4,2,4/16/2011 12:00:00 AM,528
4,2,4/23/2011 12:00:00 AM,308
4,2,4/30/2011 12:00:00 AM,332
4,2,5/7/2011 12:00:00 AM,316
4,2,5/14/2011 12:00:00 AM,282
4,2,5/21/2011 12:00:00 AM,328
4,2,5/28/2011 12:00:00 AM,350
4,2,6/4/2011 12:00:00 AM,310
4,2,6/11/2011 12:00:00 AM,340
4,2,6/18/2011 12:00:00 AM,408
4,2,6/25/2011 12:00:00 AM,276
4,2,7/2/2011 12:00:00 AM,296
4,2,7/9/2011 12:00:00 AM,314
4,2,7/16/2011 12:00:00 AM,292
4,2,7/23/2011 12:00:00 AM,274
4,2,7/30/2011 12:00:00 AM,240
4,2,8/6/2011 12:00:00 AM,264
4,2,8/13/2011 12:00:00 AM,434
4,2,8/20/2011 12:00:00 AM,242
4,2,8/27/2011 12:00:00 AM,350
4,2,9/3/2011 12:00:00 AM,280
4,2,9/10/2011 12:00:00 AM,286
4,2,9/17/2011 12:00:00 AM,376
4,2,9/24/2011 12:00:00 AM,270
4,2,10/1/2011 12:00:00 AM,442
4,2,10/8/2011 12:00:00 AM,402
4,2,10/15/2011 12:00:00 AM,332
4,2,10/22/2011 12:00:00 AM,346
4,2,10/29/2011 12:00:00 AM,244
4,2,11/5/2011 12:00:00 AM,368
4,2,11/12/2011 12:00:00 AM,412
4,2,11/19/2011 12:00:00 AM,350
4,2,11/26/2011 12:00:00 AM,256
4,2,12/3/2011 12:00:00 AM,360
4,2,12/10/2011 12:00:00 AM,400
4,2,12/17/2011 12:00:00 AM,372
4,2,12/24/2011 12:00:00 AM,332
4,2,12/31/2011 12:00:00 AM,338
4,2,1/7/2012 12:00:00 AM,372
4,2,1/14/2012 12:00:00 AM,350
4,2,1/21/2012 12:00:00 AM,306
4,2,1/28/2012 12:00:00 AM,276
4,2,2/4/2012 12:00:00 AM,318
4,2,2/11/2012 12:00:00 AM,352
4,2,2/18/2012 12:00:00 AM,386
4,2,2/25/2012 12:00:00 AM,194
4,2,3/3/2012 12:00:00 AM,244
4,2,3/10/2012 12:00:00 AM,360
4,2,3/17/2012 12:00:00 AM,366
4,2,3/24/2012 12:00:00 AM,252
4,2,3/31/2012 12:00:00 AM,278
4,2,4/7/2012 12:00:00 AM,264
4,2,4/14/2012 12:00:00 AM,338
4,2,4/21/2012 12:00:00 AM,260
4,2,4/28/2012 12:00:00 AM,356
4,2,5/5/2012 12:00:00 AM,362
4,2,5/12/2012 12:00:00 AM,314
4,2,5/19/2012 12:00:00 AM,246
4,2,5/26/2012 12:00:00 AM,346
4,2,6/2/2012 12:00:00 AM,324
4,2,6/9/2012 12:00:00 AM,326
4,2,6/16/2012 12:00:00 AM,390
4,2,6/23/2012 12:00:00 AM,270
4,2,6/30/2012 12:00:00 AM,312
4,2,7/7/2012 12:00:00 AM,256
4,2,7/14/2012 12:00:00 AM,356
4,2,7/21/2012 12:00:00 AM,400
4,2,7/28/2012 12:00:00 AM,256
4,2,8/4/2012 12:00:00 AM,294
4,2,8/11/2012 12:00:00 AM,266
4,2,8/18/2012 12:00:00 AM,288
4,2,8/25/2012 12:00:00 AM,268
4,2,9/1/2012 12:00:00 AM,228
4,2,9/8/2012 12:00:00 AM,318
4,2,9/15/2012 12:00:00 AM,326
4,2,9/22/2012 12:00:00 AM,328
4,2,9/29/2012 12:00:00 AM,234
4,2,10/6/2012 12:00:00 AM,274
4,2,10/13/2012 12:00:00 AM,356
4,2,10/20/2012 12:00:00 AM,374
4,2,10/27/2012 12:00:00 AM,272
4,2,11/3/2012 12:00:00 AM,346
4,2,11/10/2012 12:00:00 AM,292
4,2,11/17/2012 12:00:00 AM,294
4,2,11/24/2012 12:00:00 AM,408
4,2,12/1/2012 12:00:00 AM,266
4,2,12/8/2012 12:00:00 AM,278
4,2,12/15/2012 12:00:00 AM,332
4,2,12/22/2012 12:00:00 AM,322
4,2,12/29/2012 12:00:00 AM,240
4,2,1/5/2013 12:00:00 AM,286
4,2,1/12/2013 12:00:00 AM,310
4,2,1/19/2013 12:00:00 AM,372
4,2,1/26/2013 12:00:00 AM,232
4,2,2/2/2013 12:00:00 AM,198
4,2,2/9/2013 12:00:00 AM,364
4,2,2/16/2013 12:00:00 AM,392
4,2,2/23/2013 12:00:00 AM,352
4,2,3/2/2013 12:00:00 AM,262
4,2,3/9/2013 12:00:00 AM,330
4,2,3/16/2013 12:00:00 AM,518
4,2,3/23/2013 12:00:00 AM,274
4,2,3/30/2013 12:00:00 AM,408
4,2,4/6/2013 12:00:00 AM,276
4,2,4/13/2013 12:00:00 AM,452
4,2,4/20/2013 12:00:00 AM,380
4,2,4/27/2013 12:00:00 AM,284
4,2,5/4/2013 12:00:00 AM,276
4,2,5/11/2013 12:00:00 AM,418
4,2,5/18/2013 12:00:00 AM,300
4,2,5/25/2013 12:00:00 AM,234
4,2,6/1/2013 12:00:00 AM,290
4,2,6/8/2013 12:00:00 AM,300
4,2,6/15/2013 12:00:00 AM,362
4,2,6/22/2013 12:00:00 AM,298
4,2,6/29/2013 12:00:00 AM,338
4,2,7/6/2013 12:00:00 AM,390
4,2,7/13/2013 12:00:00 AM,310
4,2,7/20/2013 12:00:00 AM,296
4,2,7/27/2013 12:00:00 AM,340
4,2,8/3/2013 12:00:00 AM,196
4,2,8/10/2013 12:00:00 AM,456
4,2,8/17/2013 12:00:00 AM,348
4,2,8/24/2013 12:00:00 AM,284
4,2,8/31/2013 12:00:00 AM,306
4,2,9/7/2013 12:00:00 AM,354
4,2,9/14/2013 12:00:00 AM,330
4,2,9/21/2013 12:00:00 AM,320
4,2,9/28/2013 12:00:00 AM,320
4,2,10/5/2013 12:00:00 AM,374
4,2,10/12/2013 12:00:00 AM,366
4,2,10/19/2013 12:00:00 AM,306
4,2,10/26/2013 12:00:00 AM,334
4,2,11/9/2013 12:00:00 AM,312
4,2,11/16/2013 12:00:00 AM,324
4,2,11/23/2013 12:00:00 AM,280
4,2,11/30/2013 12:00:00 AM,268
4,2,12/7/2013 12:00:00 AM,350
4,2,12/14/2013 12:00:00 AM,330
4,2,12/21/2013 12:00:00 AM,314
4,2,12/28/2013 12:00:00 AM,278
5,1,11/6/2010 12:00:00 AM,128
5,1,11/13/2010 12:00:00 AM,108
5,1,11/20/2010 12:00:00 AM,98
5,1,11/27/2010 12:00:00 AM,52
5,1,12/4/2010 12:00:00 AM,98
5,1,12/11/2010 12:00:00 AM,126
5,1,12/18/2010 12:00:00 AM,106
5,1,12/25/2010 12:00:00 AM,88
5,1,1/1/2011 12:00:00 AM,102
5,1,1/8/2011 12:00:00 AM,162
5,1,1/15/2011 12:00:00 AM,136
5,1,1/22/2011 12:00:00 AM,126
5,1,1/29/2011 12:00:00 AM,136
5,1,2/5/2011 12:00:00 AM,134
5,1,2/12/2011 12:00:00 AM,160
5,1,2/19/2011 12:00:00 AM,156
5,1,2/26/2011 12:00:00 AM,122
5,1,3/5/2011 12:00:00 AM,170
5,1,3/12/2011 12:00:00 AM,170
5,1,3/19/2011 12:00:00 AM,122
5,1,3/26/2011 12:00:00 AM,118
5,1,4/2/2011 12:00:00 AM,162
5,1,4/9/2011 12:00:00 AM,186
5,1,4/16/2011 12:00:00 AM,144
5,1,4/23/2011 12:00:00 AM,118
5,1,4/30/2011 12:00:00 AM,124
5,1,5/7/2011 12:00:00 AM,238
5,1,5/14/2011 12:00:00 AM,168
5,1,5/21/2011 12:00:00 AM,120
5,1,5/28/2011 12:00:00 AM,114
5,1,6/4/2011 12:00:00 AM,164
5,1,6/11/2011 12:00:00 AM,206
5,1,6/18/2011 12:00:00 AM,190
5,1,6/25/2011 12:00:00 AM,196
5,1,7/2/2011 12:00:00 AM,160
5,1,7/9/2011 12:00:00 AM,296
5,1,7/16/2011 12:00:00 AM,146
5,1,7/23/2011 12:00:00 AM,140
5,1,7/30/2011 12:00:00 AM,134
5,1,8/6/2011 12:00:00 AM,134
5,1,8/13/2011 12:00:00 AM,156
5,1,8/20/2011 12:00:00 AM,130
5,1,8/27/2011 12:00:00 AM,104
5,1,9/3/2011 12:00:00 AM,104
5,1,9/10/2011 12:00:00 AM,152
5,1,9/17/2011 12:00:00 AM,128
5,1,9/24/2011 12:00:00 AM,114
5,1,10/1/2011 12:00:00 AM,132
5,1,10/8/2011 12:00:00 AM,138
5,1,10/15/2011 12:00:00 AM,134
5,1,10/22/2011 12:00:00 AM,118
5,1,10/29/2011 12:00:00 AM,78
5,1,11/5/2011 12:00:00 AM,100
5,1,11/12/2011 12:00:00 AM,134
5,1,11/19/2011 12:00:00 AM,106
5,1,11/26/2011 12:00:00 AM,66
5,1,12/3/2011 12:00:00 AM,112
5,1,12/10/2011 12:00:00 AM,106
5,1,12/17/2011 12:00:00 AM,96
5,1,12/24/2011 12:00:00 AM,84
5,1,12/31/2011 12:00:00 AM,120
5,1,1/7/2012 12:00:00 AM,184
5,1,1/14/2012 12:00:00 AM,164
5,1,1/21/2012 12:00:00 AM,124
5,1,1/28/2012 12:00:00 AM,120
5,1,2/4/2012 12:00:00 AM,148
5,1,2/11/2012 12:00:00 AM,208
5,1,2/18/2012 12:00:00 AM,108
5,1,2/25/2012 12:00:00 AM,118
5,1,3/3/2012 12:00:00 AM,114
5,1,3/10/2012 12:00:00 AM,240
5,1,3/17/2012 12:00:00 AM,154
5,1,3/24/2012 12:00:00 AM,168
5,1,3/31/2012 12:00:00 AM,114
5,1,4/7/2012 12:00:00 AM,162
5,1,4/14/2012 12:00:00 AM,144
5,1,4/21/2012 12:00:00 AM,162
5,1,4/28/2012 12:00:00 AM,124
5,1,5/5/2012 12:00:00 AM,148
5,1,5/12/2012 12:00:00 AM,174
5,1,5/19/2012 12:00:00 AM,152
5,1,5/26/2012 12:00:00 AM,120
5,1,6/2/2012 12:00:00 AM,118
5,1,6/9/2012 12:00:00 AM,196
5,1,6/16/2012 12:00:00 AM,184
5,1,6/23/2012 12:00:00 AM,196
5,1,6/30/2012 12:00:00 AM,160
5,1,7/7/2012 12:00:00 AM,182
5,1,7/14/2012 12:00:00 AM,178
5,1,7/21/2012 12:00:00 AM,168
5,1,7/28/2012 12:00:00 AM,118
5,1,8/4/2012 12:00:00 AM,126
5,1,8/11/2012 12:00:00 AM,206
5,1,8/18/2012 12:00:00 AM,118
5,1,8/25/2012 12:00:00 AM,108
5,1,9/1/2012 12:00:00 AM,124
5,1,9/8/2012 12:00:00 AM,158
5,1,9/15/2012 12:00:00 AM,130
5,1,9/22/2012 12:00:00 AM,122
5,1,9/29/2012 12:00:00 AM,116
5,1,10/6/2012 12:00:00 AM,136
5,1,10/13/2012 12:00:00 AM,108
5,1,10/20/2012 12:00:00 AM,124
5,1,10/27/2012 12:00:00 AM,70
5,1,11/3/2012 12:00:00 AM,106
5,1,11/10/2012 12:00:00 AM,146
5,1,11/17/2012 12:00:00 AM,104
5,1,11/24/2012 12:00:00 AM,76
5,1,12/1/2012 12:00:00 AM,116
5,1,12/8/2012 12:00:00 AM,82
5,1,12/15/2012 12:00:00 AM,110
5,1,12/22/2012 12:00:00 AM,96
5,1,12/29/2012 12:00:00 AM,104
5,1,1/5/2013 12:00:00 AM,102
5,1,1/12/2013 12:00:00 AM,88
5,1,1/19/2013 12:00:00 AM,90
5,1,1/26/2013 12:00:00 AM,120
5,1,2/2/2013 12:00:00 AM,100
5,1,2/9/2013 12:00:00 AM,92
5,1,2/16/2013 12:00:00 AM,134
5,1,2/23/2013 12:00:00 AM,152
5,1,3/2/2013 12:00:00 AM,138
5,1,3/9/2013 12:00:00 AM,184
5,1,3/16/2013 12:00:00 AM,130
5,1,3/23/2013 12:00:00 AM,138
5,1,3/30/2013 12:00:00 AM,112
5,1,4/6/2013 12:00:00 AM,134
5,1,4/13/2013 12:00:00 AM,126
5,1,4/20/2013 12:00:00 AM,140
5,1,4/27/2013 12:00:00 AM,142
5,1,5/4/2013 12:00:00 AM,158
5,1,5/11/2013 12:00:00 AM,206
5,1,5/18/2013 12:00:00 AM,138
5,1,5/25/2013 12:00:00 AM,128
5,1,6/1/2013 12:00:00 AM,130
5,1,6/8/2013 12:00:00 AM,254
5,1,6/15/2013 12:00:00 AM,170
5,1,6/22/2013 12:00:00 AM,154
5,1,6/29/2013 12:00:00 AM,146
5,1,7/6/2013 12:00:00 AM,274
5,1,7/13/2013 12:00:00 AM,172
5,1,7/20/2013 12:00:00 AM,126
5,1,7/27/2013 12:00:00 AM,98
5,1,8/3/2013 12:00:00 AM,118
5,1,8/10/2013 12:00:00 AM,138
5,1,8/17/2013 12:00:00 AM,146
5,1,8/24/2013 12:00:00 AM,110
5,1,8/31/2013 12:00:00 AM,66
5,1,9/7/2013 12:00:00 AM,138
5,1,9/14/2013 12:00:00 AM,142
5,1,9/21/2013 12:00:00 AM,100
5,1,9/28/2013 12:00:00 AM,116
5,1,10/5/2013 12:00:00 AM,118
5,1,10/12/2013 12:00:00 AM,148
5,1,10/19/2013 12:00:00 AM,134
5,1,10/26/2013 12:00:00 AM,108
5,1,11/9/2013 12:00:00 AM,156
5,1,11/16/2013 12:00:00 AM,122
5,1,11/23/2013 12:00:00 AM,118
5,1,11/30/2013 12:00:00 AM,124
5,1,12/7/2013 12:00:00 AM,132
5,1,12/14/2013 12:00:00 AM,112
5,1,12/21/2013 12:00:00 AM,140
5,1,12/28/2013 12:00:00 AM,98
6,1,11/6/2010 12:00:00 AM,302
6,1,11/13/2010 12:00:00 AM,438
6,1,11/20/2010 12:00:00 AM,524
6,1,11/27/2010 12:00:00 AM,540
6,1,12/4/2010 12:00:00 AM,528
6,1,12/11/2010 12:00:00 AM,576
6,1,12/18/2010 12:00:00 AM,548
6,1,12/25/2010 12:00:00 AM,608
6,1,1/1/2011 12:00:00 AM,596
6,1,1/8/2011 12:00:00 AM,632
6,1,1/15/2011 12:00:00 AM,658
6,1,1/22/2011 12:00:00 AM,674
6,1,1/29/2011 12:00:00 AM,598
6,1,2/5/2011 12:00:00 AM,670
6,1,2/12/2011 12:00:00 AM,704
6,1,2/19/2011 12:00:00 AM,666
6,1,2/26/2011 12:00:00 AM,682
6,1,3/5/2011 12:00:00 AM,650
6,1,3/12/2011 12:00:00 AM,674
6,1,3/19/2011 12:00:00 AM,706
6,1,3/26/2011 12:00:00 AM,610
6,1,4/2/2011 12:00:00 AM,462
6,1,4/9/2011 12:00:00 AM,500
6,1,4/16/2011 12:00:00 AM,520
6,1,4/23/2011 12:00:00 AM,468
6,1,4/30/2011 12:00:00 AM,382
6,1,5/7/2011 12:00:00 AM,456
6,1,5/14/2011 12:00:00 AM,352
6,1,5/21/2011 12:00:00 AM,354
6,1,5/28/2011 12:00:00 AM,298
6,1,6/4/2011 12:00:00 AM,396
6,1,6/11/2011 12:00:00 AM,394
6,1,6/18/2011 12:00:00 AM,372
6,1,6/25/2011 12:00:00 AM,270
6,1,7/2/2011 12:00:00 AM,304
6,1,7/9/2011 12:00:00 AM,282
6,1,7/16/2011 12:00:00 AM,320
6,1,7/23/2011 12:00:00 AM,296
6,1,7/30/2011 12:00:00 AM,330
6,1,8/6/2011 12:00:00 AM,324
6,1,8/13/2011 12:00:00 AM,264
6,1,8/20/2011 12:00:00 AM,244
6,1,8/27/2011 12:00:00 AM,224
6,1,9/3/2011 12:00:00 AM,244
6,1,9/10/2011 12:00:00 AM,282
6,1,9/17/2011 12:00:00 AM,258
6,1,9/24/2011 12:00:00 AM,236
6,1,10/1/2011 12:00:00 AM,282
6,1,10/8/2011 12:00:00 AM,306
6,1,10/15/2011 12:00:00 AM,304
6,1,10/22/2011 12:00:00 AM,328
6,1,10/29/2011 12:00:00 AM,276
6,1,11/5/2011 12:00:00 AM,320
6,1,11/12/2011 12:00:00 AM,382
6,1,11/19/2011 12:00:00 AM,380
6,1,11/26/2011 12:00:00 AM,368
6,1,12/3/2011 12:00:00 AM,318
6,1,12/10/2011 12:00:00 AM,384
6,1,12/17/2011 12:00:00 AM,436
6,1,12/24/2011 12:00:00 AM,526
6,1,12/31/2011 12:00:00 AM,434
6,1,1/7/2012 12:00:00 AM,462
6,1,1/14/2012 12:00:00 AM,548
6,1,1/21/2012 12:00:00 AM,504
6,1,1/28/2012 12:00:00 AM,516
6,1,2/4/2012 12:00:00 AM,542
6,1,2/11/2012 12:00:00 AM,810
6,1,2/18/2012 12:00:00 AM,676
6,1,2/25/2012 12:00:00 AM,870
6,1,3/3/2012 12:00:00 AM,740
6,1,3/10/2012 12:00:00 AM,662
6,1,3/17/2012 12:00:00 AM,580
6,1,3/24/2012 12:00:00 AM,528
6,1,3/31/2012 12:00:00 AM,464
6,1,4/7/2012 12:00:00 AM,440
6,1,4/14/2012 12:00:00 AM,394
6,1,4/21/2012 12:00:00 AM,438
6,1,4/28/2012 12:00:00 AM,328
6,1,5/5/2012 12:00:00 AM,378
6,1,5/12/2012 12:00:00 AM,378
6,1,5/19/2012 12:00:00 AM,312
6,1,5/26/2012 12:00:00 AM,370
6,1,6/2/2012 12:00:00 AM,326
6,1,6/9/2012 12:00:00 AM,398
6,1,6/16/2012 12:00:00 AM,446
6,1,6/23/2012 12:00:00 AM,366
6,1,6/30/2012 12:00:00 AM,358
6,1,7/7/2012 12:00:00 AM,404
6,1,7/14/2012 12:00:00 AM,424
6,1,7/21/2012 12:00:00 AM,326
6,1,7/28/2012 12:00:00 AM,284
6,1,8/4/2012 12:00:00 AM,292
6,1,8/11/2012 12:00:00 AM,330
6,1,8/18/2012 12:00:00 AM,298
6,1,8/25/2012 12:00:00 AM,272
6,1,9/1/2012 12:00:00 AM,272
6,1,9/8/2012 12:00:00 AM,306
6,1,9/15/2012 12:00:00 AM,278
6,1,9/22/2012 12:00:00 AM,290
6,1,9/29/2012 12:00:00 AM,260
6,1,10/6/2012 12:00:00 AM,274
6,1,10/13/2012 12:00:00 AM,276
6,1,10/20/2012 12:00:00 AM,310
6,1,10/27/2012 12:00:00 AM,310
6,1,11/3/2012 12:00:00 AM,324
6,1,11/10/2012 12:00:00 AM,346
6,1,11/17/2012 12:00:00 AM,356
6,1,11/24/2012 12:00:00 AM,404
6,1,12/1/2012 12:00:00 AM,448
6,1,12/8/2012 12:00:00 AM,458
6,1,12/15/2012 12:00:00 AM,616
6,1,12/22/2012 12:00:00 AM,674
6,1,12/29/2012 12:00:00 AM,582
6,1,1/5/2013 12:00:00 AM,662
6,1,1/12/2013 12:00:00 AM,610
6,1,1/19/2013 12:00:00 AM,706
6,1,1/26/2013 12:00:00 AM,664
6,1,2/2/2013 12:00:00 AM,710
6,1,2/9/2013 12:00:00 AM,674
6,1,2/16/2013 12:00:00 AM,646
6,1,2/23/2013 12:00:00 AM,590
6,1,3/2/2013 12:00:00 AM,678
6,1,3/9/2013 12:00:00 AM,714
6,1,3/16/2013 12:00:00 AM,658
6,1,3/23/2013 12:00:00 AM,600
6,1,3/30/2013 12:00:00 AM,608
6,1,4/6/2013 12:00:00 AM,604
6,1,4/13/2013 12:00:00 AM,622
6,1,4/20/2013 12:00:00 AM,598
6,1,4/27/2013 12:00:00 AM,424
6,1,5/4/2013 12:00:00 AM,358
6,1,5/11/2013 12:00:00 AM,390
6,1,5/18/2013 12:00:00 AM,396
6,1,5/25/2013 12:00:00 AM,360
6,1,6/1/2013 12:00:00 AM,298
6,1,6/8/2013 12:00:00 AM,376
6,1,6/15/2013 12:00:00 AM,374
6,1,6/22/2013 12:00:00 AM,312
6,1,6/29/2013 12:00:00 AM,306
6,1,7/6/2013 12:00:00 AM,302
6,1,7/13/2013 12:00:00 AM,300
6,1,7/20/2013 12:00:00 AM,338
6,1,7/27/2013 12:00:00 AM,328
6,1,8/3/2013 12:00:00 AM,228
6,1,8/10/2013 12:00:00 AM,240
6,1,8/17/2013 12:00:00 AM,236
6,1,8/24/2013 12:00:00 AM,218
6,1,8/31/2013 12:00:00 AM,246
6,1,9/7/2013 12:00:00 AM,246
6,1,9/14/2013 12:00:00 AM,226
6,1,9/21/2013 12:00:00 AM,294
6,1,9/28/2013 12:00:00 AM,254
6,1,10/5/2013 12:00:00 AM,226
6,1,10/12/2013 12:00:00 AM,276
6,1,10/19/2013 12:00:00 AM,272
6,1,10/26/2013 12:00:00 AM,264
6,1,11/9/2013 12:00:00 AM,318
6,1,11/16/2013 12:00:00 AM,302
6,1,11/23/2013 12:00:00 AM,358
6,1,11/30/2013 12:00:00 AM,348
6,1,12/7/2013 12:00:00 AM,302
6,1,12/14/2013 12:00:00 AM,424
6,1,12/21/2013 12:00:00 AM,466
6,1,12/28/2013 12:00:00 AM,420
7,1,11/6/2010 12:00:00 AM,158
7,1,11/13/2010 12:00:00 AM,156
7,1,11/20/2010 12:00:00 AM,156
7,1,11/27/2010 12:00:00 AM,178
7,1,12/4/2010 12:00:00 AM,222
7,1,12/11/2010 12:00:00 AM,178
7,1,12/18/2010 12:00:00 AM,274
7,1,12/25/2010 12:00:00 AM,314
7,1,1/1/2011 12:00:00 AM,268
7,1,1/8/2011 12:00:00 AM,300
7,1,1/15/2011 12:00:00 AM,354
7,1,1/22/2011 12:00:00 AM,338
7,1,1/29/2011 12:00:00 AM,322
7,1,2/5/2011 12:00:00 AM,306
7,1,2/12/2011 12:00:00 AM,360
7,1,2/19/2011 12:00:00 AM,304
7,1,2/26/2011 12:00:00 AM,396
7,1,3/5/2011 12:00:00 AM,328
7,1,3/12/2011 12:00:00 AM,386
7,1,3/19/2011 12:00:00 AM,370
7,1,3/26/2011 12:00:00 AM,334
7,1,4/2/2011 12:00:00 AM,314
7,1,4/9/2011 12:00:00 AM,304
7,1,4/16/2011 12:00:00 AM,412
7,1,4/23/2011 12:00:00 AM,262
7,1,4/30/2011 12:00:00 AM,228
7,1,5/7/2011 12:00:00 AM,170
7,1,5/14/2011 12:00:00 AM,270
7,1,5/21/2011 12:00:00 AM,150
7,1,5/28/2011 12:00:00 AM,178
7,1,6/4/2011 12:00:00 AM,224
7,1,6/11/2011 12:00:00 AM,242
7,1,6/18/2011 12:00:00 AM,162
7,1,6/25/2011 12:00:00 AM,224
7,1,7/2/2011 12:00:00 AM,160
7,1,7/9/2011 12:00:00 AM,228
7,1,7/16/2011 12:00:00 AM,206
7,1,7/23/2011 12:00:00 AM,184
7,1,7/30/2011 12:00:00 AM,228
7,1,8/6/2011 12:00:00 AM,172
7,1,8/13/2011 12:00:00 AM,200
7,1,8/20/2011 12:00:00 AM,142
7,1,8/27/2011 12:00:00 AM,146
7,1,9/3/2011 12:00:00 AM,122
7,1,9/10/2011 12:00:00 AM,122
7,1,9/17/2011 12:00:00 AM,140
7,1,9/24/2011 12:00:00 AM,104
7,1,10/1/2011 12:00:00 AM,114
7,1,10/8/2011 12:00:00 AM,108
7,1,10/15/2011 12:00:00 AM,126
7,1,10/22/2011 12:00:00 AM,120
7,1,10/29/2011 12:00:00 AM,130
7,1,11/5/2011 12:00:00 AM,138
7,1,11/12/2011 12:00:00 AM,164
7,1,11/19/2011 12:00:00 AM,222
7,1,11/26/2011 12:00:00 AM,138
7,1,12/3/2011 12:00:00 AM,158
7,1,12/10/2011 12:00:00 AM,178
7,1,12/17/2011 12:00:00 AM,188
7,1,12/24/2011 12:00:00 AM,208
7,1,12/31/2011 12:00:00 AM,200
7,1,1/7/2012 12:00:00 AM,332
7,1,1/14/2012 12:00:00 AM,358
7,1,1/21/2012 12:00:00 AM,228
7,1,1/28/2012 12:00:00 AM,268
7,1,2/4/2012 12:00:00 AM,328
7,1,2/11/2012 12:00:00 AM,354
7,1,2/18/2012 12:00:00 AM,326
7,1,2/25/2012 12:00:00 AM,294
7,1,3/3/2012 12:00:00 AM,350
7,1,3/10/2012 12:00:00 AM,422
7,1,3/17/2012 12:00:00 AM,362
7,1,3/24/2012 12:00:00 AM,280
7,1,3/31/2012 12:00:00 AM,252
7,1,4/7/2012 12:00:00 AM,184
7,1,4/14/2012 12:00:00 AM,226
7,1,4/21/2012 12:00:00 AM,292
7,1,4/28/2012 12:00:00 AM,204
7,1,5/5/2012 12:00:00 AM,190
7,1,5/12/2012 12:00:00 AM,184
7,1,5/19/2012 12:00:00 AM,202
7,1,5/26/2012 12:00:00 AM,188
7,1,6/2/2012 12:00:00 AM,190
7,1,6/9/2012 12:00:00 AM,210
7,1,6/16/2012 12:00:00 AM,216
7,1,6/23/2012 12:00:00 AM,236
7,1,6/30/2012 12:00:00 AM,240
7,1,7/7/2012 12:00:00 AM,300
7,1,7/14/2012 12:00:00 AM,276
7,1,7/21/2012 12:00:00 AM,232
7,1,7/28/2012 12:00:00 AM,242
7,1,8/4/2012 12:00:00 AM,194
7,1,8/11/2012 12:00:00 AM,260
7,1,8/18/2012 12:00:00 AM,204
7,1,8/25/2012 12:00:00 AM,120
7,1,9/1/2012 12:00:00 AM,148
7,1,9/8/2012 12:00:00 AM,176
7,1,9/15/2012 12:00:00 AM,172
7,1,9/22/2012 12:00:00 AM,144
7,1,9/29/2012 12:00:00 AM,160
7,1,10/6/2012 12:00:00 AM,148
7,1,10/13/2012 12:00:00 AM,136
7,1,10/20/2012 12:00:00 AM,128
7,1,10/27/2012 12:00:00 AM,138
7,1,11/3/2012 12:00:00 AM,162
7,1,11/10/2012 12:00:00 AM,130
7,1,11/17/2012 12:00:00 AM,136
7,1,11/24/2012 12:00:00 AM,148
7,1,12/1/2012 12:00:00 AM,152
7,1,12/8/2012 12:00:00 AM,234
7,1,12/15/2012 12:00:00 AM,218
7,1,12/22/2012 12:00:00 AM,276
7,1,12/29/2012 12:00:00 AM,284
7,1,1/5/2013 12:00:00 AM,332
7,1,1/12/2013 12:00:00 AM,332
7,1,1/19/2013 12:00:00 AM,374
7,1,1/26/2013 12:00:00 AM,326
7,1,2/2/2013 12:00:00 AM,286
7,1,2/9/2013 12:00:00 AM,306
7,1,2/16/2013 12:00:00 AM,256
7,1,2/23/2013 12:00:00 AM,290
7,1,3/2/2013 12:00:00 AM,278
7,1,3/9/2013 12:00:00 AM,354
7,1,3/16/2013 12:00:00 AM,280
7,1,3/23/2013 12:00:00 AM,254
7,1,3/30/2013 12:00:00 AM,258
7,1,4/6/2013 12:00:00 AM,308
7,1,4/13/2013 12:00:00 AM,338
7,1,4/20/2013 12:00:00 AM,300
7,1,4/27/2013 12:00:00 AM,222
7,1,5/4/2013 12:00:00 AM,182
7,1,5/11/2013 12:00:00 AM,250
7,1,5/18/2013 12:00:00 AM,226
7,1,5/25/2013 12:00:00 AM,170
7,1,6/1/2013 12:00:00 AM,160
7,1,6/8/2013 12:00:00 AM,248
7,1,6/15/2013 12:00:00 AM,176
7,1,6/22/2013 12:00:00 AM,180
7,1,6/29/2013 12:00:00 AM,186
7,1,7/6/2013 12:00:00 AM,166
7,1,7/13/2013 12:00:00 AM,266
7,1,7/20/2013 12:00:00 AM,228
7,1,7/27/2013 12:00:00 AM,206
7,1,8/3/2013 12:00:00 AM,182
7,1,8/10/2013 12:00:00 AM,174
7,1,8/17/2013 12:00:00 AM,228
7,1,8/24/2013 12:00:00 AM,168
7,1,8/31/2013 12:00:00 AM,164
7,1,9/7/2013 12:00:00 AM,152
7,1,9/14/2013 12:00:00 AM,140
7,1,9/21/2013 12:00:00 AM,140
7,1,9/28/2013 12:00:00 AM,128
7,1,10/5/2013 12:00:00 AM,142
7,1,10/12/2013 12:00:00 AM,214
7,1,10/19/2013 12:00:00 AM,158
7,1,10/26/2013 12:00:00 AM,136
7,1,11/9/2013 12:00:00 AM,164
7,1,11/16/2013 12:00:00 AM,200
7,1,11/23/2013 12:00:00 AM,238
7,1,11/30/2013 12:00:00 AM,228
7,1,12/7/2013 12:00:00 AM,242
7,1,12/14/2013 12:00:00 AM,288
7,1,12/21/2013 12:00:00 AM,236
7,1,12/28/2013 12:00:00 AM,248
8,1,11/6/2010 12:00:00 AM,374
8,1,11/13/2010 12:00:00 AM,352
8,1,11/20/2010 12:00:00 AM,348
8,1,11/27/2010 12:00:00 AM,354
8,1,12/4/2010 12:00:00 AM,420
8,1,12/11/2010 12:00:00 AM,550
8,1,12/18/2010 12:00:00 AM,520
8,1,12/25/2010 12:00:00 AM,404
8,1,1/1/2011 12:00:00 AM,388
8,1,1/8/2011 12:00:00 AM,392
8,1,1/15/2011 12:00:00 AM,522
8,1,1/22/2011 12:00:00 AM,600
8,1,1/29/2011 12:00:00 AM,658
8,1,2/5/2011 12:00:00 AM,548
8,1,2/12/2011 12:00:00 AM,656
8,1,2/19/2011 12:00:00 AM,608
8,1,2/26/2011 12:00:00 AM,616
8,1,3/5/2011 12:00:00 AM,596
8,1,3/12/2011 12:00:00 AM,594
8,1,3/19/2011 12:00:00 AM,592
8,1,3/26/2011 12:00:00 AM,508
8,1,4/2/2011 12:00:00 AM,562
8,1,4/9/2011 12:00:00 AM,476
8,1,4/16/2011 12:00:00 AM,450
8,1,4/23/2011 12:00:00 AM,376
8,1,4/30/2011 12:00:00 AM,474
8,1,5/7/2011 12:00:00 AM,630
8,1,5/14/2011 12:00:00 AM,472
8,1,5/21/2011 12:00:00 AM,376
8,1,5/28/2011 12:00:00 AM,416
8,1,6/4/2011 12:00:00 AM,340
8,1,6/11/2011 12:00:00 AM,404
8,1,6/18/2011 12:00:00 AM,320
8,1,6/25/2011 12:00:00 AM,376
8,1,7/2/2011 12:00:00 AM,372
8,1,7/9/2011 12:00:00 AM,462
8,1,7/16/2011 12:00:00 AM,334
8,1,7/23/2011 12:00:00 AM,288
8,1,7/30/2011 12:00:00 AM,348
8,1,8/6/2011 12:00:00 AM,376
8,1,8/13/2011 12:00:00 AM,352
8,1,8/20/2011 12:00:00 AM,348
8,1,8/27/2011 12:00:00 AM,404
8,1,9/3/2011 12:00:00 AM,376
8,1,9/10/2011 12:00:00 AM,418
8,1,9/17/2011 12:00:00 AM,324
8,1,9/24/2011 12:00:00 AM,362
8,1,10/1/2011 12:00:00 AM,324
8,1,10/8/2011 12:00:00 AM,356
8,1,10/15/2011 12:00:00 AM,420
8,1,10/22/2011 12:00:00 AM,358
8,1,10/29/2011 12:00:00 AM,292
8,1,11/5/2011 12:00:00 AM,332
8,1,11/12/2011 12:00:00 AM,370
8,1,11/19/2011 12:00:00 AM,342
8,1,11/26/2011 12:00:00 AM,354
8,1,12/3/2011 12:00:00 AM,404
8,1,12/10/2011 12:00:00 AM,424
8,1,12/17/2011 12:00:00 AM,478
8,1,12/24/2011 12:00:00 AM,518
8,1,12/31/2011 12:00:00 AM,448
8,1,1/7/2012 12:00:00 AM,628
8,1,1/14/2012 12:00:00 AM,588
8,1,1/21/2012 12:00:00 AM,600
8,1,1/28/2012 12:00:00 AM,508
8,1,2/4/2012 12:00:00 AM,590
8,1,2/11/2012 12:00:00 AM,558
8,1,2/18/2012 12:00:00 AM,516
8,1,2/25/2012 12:00:00 AM,558
8,1,3/3/2012 12:00:00 AM,450
8,1,3/10/2012 12:00:00 AM,506
8,1,3/17/2012 12:00:00 AM,546
8,1,3/24/2012 12:00:00 AM,488
8,1,3/31/2012 12:00:00 AM,422
8,1,4/7/2012 12:00:00 AM,424
8,1,4/14/2012 12:00:00 AM,442
8,1,4/21/2012 12:00:00 AM,478
8,1,4/28/2012 12:00:00 AM,398
8,1,5/5/2012 12:00:00 AM,390
8,1,5/12/2012 12:00:00 AM,498
8,1,5/19/2012 12:00:00 AM,456
8,1,5/26/2012 12:00:00 AM,486
8,1,6/2/2012 12:00:00 AM,498
8,1,6/9/2012 12:00:00 AM,492
8,1,6/16/2012 12:00:00 AM,464
8,1,6/23/2012 12:00:00 AM,430
8,1,6/30/2012 12:00:00 AM,490
8,1,7/7/2012 12:00:00 AM,520
8,1,7/14/2012 12:00:00 AM,558
8,1,7/21/2012 12:00:00 AM,558
8,1,7/28/2012 12:00:00 AM,518
8,1,8/4/2012 12:00:00 AM,498
8,1,8/11/2012 12:00:00 AM,682
8,1,8/18/2012 12:00:00 AM,704
8,1,8/25/2012 12:00:00 AM,570
8,1,9/1/2012 12:00:00 AM,524
8,1,9/8/2012 12:00:00 AM,552
8,1,9/15/2012 12:00:00 AM,648
8,1,9/22/2012 12:00:00 AM,672
8,1,9/29/2012 12:00:00 AM,650
8,1,10/6/2012 12:00:00 AM,602
8,1,10/13/2012 12:00:00 AM,572
8,1,10/20/2012 12:00:00 AM,698
8,1,10/27/2012 12:00:00 AM,698
8,1,11/3/2012 12:00:00 AM,796
8,1,11/10/2012 12:00:00 AM,908
8,1,11/17/2012 12:00:00 AM,974
8,1,11/24/2012 12:00:00 AM,956
8,1,12/1/2012 12:00:00 AM,762
8,1,12/8/2012 12:00:00 AM,608
8,1,12/15/2012 12:00:00 AM,490
8,1,12/22/2012 12:00:00 AM,488
8,1,12/29/2012 12:00:00 AM,458
8,1,1/5/2013 12:00:00 AM,620
8,1,1/12/2013 12:00:00 AM,634
8,1,1/19/2013 12:00:00 AM,792
8,1,1/26/2013 12:00:00 AM,924
8,1,2/2/2013 12:00:00 AM,882
8,1,2/9/2013 12:00:00 AM,786
8,1,2/16/2013 12:00:00 AM,736
8,1,2/23/2013 12:00:00 AM,680
8,1,3/2/2013 12:00:00 AM,804
8,1,3/9/2013 12:00:00 AM,966
8,1,3/16/2013 12:00:00 AM,914
8,1,3/23/2013 12:00:00 AM,832
8,1,3/30/2013 12:00:00 AM,772
8,1,4/6/2013 12:00:00 AM,636
8,1,4/13/2013 12:00:00 AM,790
8,1,4/20/2013 12:00:00 AM,554
8,1,4/27/2013 12:00:00 AM,634
8,1,5/4/2013 12:00:00 AM,682
8,1,5/11/2013 12:00:00 AM,592
8,1,5/18/2013 12:00:00 AM,652
8,1,5/25/2013 12:00:00 AM,574
8,1,6/1/2013 12:00:00 AM,552
8,1,6/8/2013 12:00:00 AM,524
8,1,6/15/2013 12:00:00 AM,566
8,1,6/22/2013 12:00:00 AM,616
8,1,6/29/2013 12:00:00 AM,578
8,1,7/6/2013 12:00:00 AM,634
8,1,7/13/2013 12:00:00 AM,582
8,1,7/20/2013 12:00:00 AM,524
8,1,7/27/2013 12:00:00 AM,482
8,1,8/3/2013 12:00:00 AM,440
8,1,8/10/2013 12:00:00 AM,494
8,1,8/17/2013 12:00:00 AM,536
8,1,8/24/2013 12:00:00 AM,462
8,1,8/31/2013 12:00:00 AM,618
8,1,9/7/2013 12:00:00 AM,808
8,1,9/14/2013 12:00:00 AM,524
8,1,9/21/2013 12:00:00 AM,478
8,1,9/28/2013 12:00:00 AM,422
8,1,10/5/2013 12:00:00 AM,562
8,1,10/12/2013 12:00:00 AM,548
8,1,10/19/2013 12:00:00 AM,498
8,1,10/26/2013 12:00:00 AM,524
8,1,11/9/2013 12:00:00 AM,616
8,1,11/16/2013 12:00:00 AM,668
8,1,11/23/2013 12:00:00 AM,580
8,1,11/30/2013 12:00:00 AM,576
8,1,12/7/2013 12:00:00 AM,620
8,1,12/14/2013 12:00:00 AM,606
8,1,12/21/2013 12:00:00 AM,748
8,1,12/28/2013 12:00:00 AM,708
9,1,11/6/2010 12:00:00 AM,338
9,1,11/13/2010 12:00:00 AM,326
9,1,11/20/2010 12:00:00 AM,370
9,1,11/27/2010 12:00:00 AM,252
9,1,12/4/2010 12:00:00 AM,340
9,1,12/11/2010 12:00:00 AM,450
9,1,12/18/2010 12:00:00 AM,422
9,1,12/25/2010 12:00:00 AM,242
9,1,1/1/2011 12:00:00 AM,308
9,1,1/8/2011 12:00:00 AM,364
9,1,1/15/2011 12:00:00 AM,434
9,1,1/22/2011 12:00:00 AM,528
9,1,1/29/2011 12:00:00 AM,440
9,1,2/5/2011 12:00:00 AM,484
9,1,2/12/2011 12:00:00 AM,648
9,1,2/19/2011 12:00:00 AM,580
9,1,2/26/2011 12:00:00 AM,480
9,1,3/5/2011 12:00:00 AM,478
9,1,3/12/2011 12:00:00 AM,564
9,1,3/19/2011 12:00:00 AM,480
9,1,3/26/2011 12:00:00 AM,324
9,1,4/2/2011 12:00:00 AM,420
9,1,4/9/2011 12:00:00 AM,366
9,1,4/16/2011 12:00:00 AM,376
9,1,4/23/2011 12:00:00 AM,384
9,1,4/30/2011 12:00:00 AM,326
9,1,5/7/2011 12:00:00 AM,500
9,1,5/14/2011 12:00:00 AM,454
9,1,5/21/2011 12:00:00 AM,358
9,1,5/28/2011 12:00:00 AM,332
9,1,6/4/2011 12:00:00 AM,346
9,1,6/11/2011 12:00:00 AM,414
9,1,6/18/2011 12:00:00 AM,346
9,1,6/25/2011 12:00:00 AM,402
9,1,7/2/2011 12:00:00 AM,366
9,1,7/9/2011 12:00:00 AM,502
9,1,7/16/2011 12:00:00 AM,394
9,1,7/23/2011 12:00:00 AM,296
9,1,7/30/2011 12:00:00 AM,322
9,1,8/6/2011 12:00:00 AM,306
9,1,8/13/2011 12:00:00 AM,306
9,1,8/20/2011 12:00:00 AM,272
9,1,8/27/2011 12:00:00 AM,332
9,1,9/3/2011 12:00:00 AM,286
9,1,9/10/2011 12:00:00 AM,348
9,1,9/17/2011 12:00:00 AM,296
9,1,9/24/2011 12:00:00 AM,282
9,1,10/1/2011 12:00:00 AM,242
9,1,10/8/2011 12:00:00 AM,224
9,1,10/15/2011 12:00:00 AM,314
9,1,10/22/2011 12:00:00 AM,282
9,1,10/29/2011 12:00:00 AM,246
9,1,11/5/2011 12:00:00 AM,262
9,1,11/12/2011 12:00:00 AM,280
9,1,11/19/2011 12:00:00 AM,288
9,1,11/26/2011 12:00:00 AM,278
9,1,12/3/2011 12:00:00 AM,322
9,1,12/10/2011 12:00:00 AM,360
9,1,12/17/2011 12:00:00 AM,404
9,1,12/24/2011 12:00:00 AM,434
9,1,12/31/2011 12:00:00 AM,464
9,1,1/7/2012 12:00:00 AM,550
9,1,1/14/2012 12:00:00 AM,538
9,1,1/21/2012 12:00:00 AM,504
9,1,1/28/2012 12:00:00 AM,446
9,1,2/4/2012 12:00:00 AM,472
9,1,2/11/2012 12:00:00 AM,586
9,1,2/18/2012 12:00:00 AM,392
9,1,2/25/2012 12:00:00 AM,460
9,1,3/3/2012 12:00:00 AM,400
9,1,3/10/2012 12:00:00 AM,538
9,1,3/17/2012 12:00:00 AM,508
9,1,3/24/2012 12:00:00 AM,430
9,1,3/31/2012 12:00:00 AM,382
9,1,4/7/2012 12:00:00 AM,398
9,1,4/14/2012 12:00:00 AM,400
9,1,4/21/2012 12:00:00 AM,388
9,1,4/28/2012 12:00:00 AM,310
9,1,5/5/2012 12:00:00 AM,288
9,1,5/12/2012 12:00:00 AM,370
9,1,5/19/2012 12:00:00 AM,362
9,1,5/26/2012 12:00:00 AM,294
9,1,6/2/2012 12:00:00 AM,344
9,1,6/9/2012 12:00:00 AM,364
9,1,6/16/2012 12:00:00 AM,386
9,1,6/23/2012 12:00:00 AM,326
9,1,6/30/2012 12:00:00 AM,324
9,1,7/7/2012 12:00:00 AM,356
9,1,7/14/2012 12:00:00 AM,502
9,1,7/21/2012 12:00:00 AM,398
9,1,7/28/2012 12:00:00 AM,288
9,1,8/4/2012 12:00:00 AM,266
9,1,8/11/2012 12:00:00 AM,522
9,1,8/18/2012 12:00:00 AM,482
9,1,8/25/2012 12:00:00 AM,336
9,1,9/1/2012 12:00:00 AM,378
9,1,9/8/2012 12:00:00 AM,362
9,1,9/15/2012 12:00:00 AM,458
9,1,9/22/2012 12:00:00 AM,396
9,1,9/29/2012 12:00:00 AM,286
9,1,10/6/2012 12:00:00 AM,424
9,1,10/13/2012 12:00:00 AM,376
9,1,10/20/2012 12:00:00 AM,424
9,1,10/27/2012 12:00:00 AM,366
9,1,11/3/2012 12:00:00 AM,486
9,1,11/10/2012 12:00:00 AM,594
9,1,11/17/2012 12:00:00 AM,688
9,1,11/24/2012 12:00:00 AM,552
9,1,12/1/2012 12:00:00 AM,430
9,1,12/8/2012 12:00:00 AM,360
9,1,12/15/2012 12:00:00 AM,338
9,1,12/22/2012 12:00:00 AM,288
9,1,12/29/2012 12:00:00 AM,304
9,1,1/5/2013 12:00:00 AM,384
9,1,1/12/2013 12:00:00 AM,424
9,1,1/19/2013 12:00:00 AM,432
9,1,1/26/2013 12:00:00 AM,636
9,1,2/2/2013 12:00:00 AM,564
9,1,2/9/2013 12:00:00 AM,608
9,1,2/16/2013 12:00:00 AM,518
9,1,2/23/2013 12:00:00 AM,544
9,1,3/2/2013 12:00:00 AM,682
9,1,3/9/2013 12:00:00 AM,688
9,1,3/16/2013 12:00:00 AM,728
9,1,3/23/2013 12:00:00 AM,652
9,1,3/30/2013 12:00:00 AM,462
9,1,4/6/2013 12:00:00 AM,532
9,1,4/13/2013 12:00:00 AM,508
9,1,4/20/2013 12:00:00 AM,478
9,1,4/27/2013 12:00:00 AM,388
9,1,5/4/2013 12:00:00 AM,410
9,1,5/11/2013 12:00:00 AM,334
9,1,5/18/2013 12:00:00 AM,468
9,1,5/25/2013 12:00:00 AM,450
9,1,6/1/2013 12:00:00 AM,456
9,1,6/8/2013 12:00:00 AM,530
9,1,6/15/2013 12:00:00 AM,512
9,1,6/22/2013 12:00:00 AM,558
9,1,6/29/2013 12:00:00 AM,604
9,1,7/6/2013 12:00:00 AM,670
9,1,7/13/2013 12:00:00 AM,648
9,1,7/20/2013 12:00:00 AM,538
9,1,7/27/2013 12:00:00 AM,462
9,1,8/3/2013 12:00:00 AM,456
9,1,8/10/2013 12:00:00 AM,496
9,1,8/17/2013 12:00:00 AM,482
9,1,8/24/2013 12:00:00 AM,472
9,1,8/31/2013 12:00:00 AM,474
9,1,9/7/2013 12:00:00 AM,684
9,1,9/14/2013 12:00:00 AM,466
9,1,9/21/2013 12:00:00 AM,456
9,1,9/28/2013 12:00:00 AM,364
9,1,10/5/2013 12:00:00 AM,496
9,1,10/12/2013 12:00:00 AM,462
9,1,10/19/2013 12:00:00 AM,454
9,1,10/26/2013 12:00:00 AM,408
9,1,11/9/2013 12:00:00 AM,480
9,1,11/16/2013 12:00:00 AM,514
9,1,11/23/2013 12:00:00 AM,398
9,1,11/30/2013 12:00:00 AM,400
9,1,12/7/2013 12:00:00 AM,414
9,1,12/14/2013 12:00:00 AM,404
9,1,12/21/2013 12:00:00 AM,512
9,1,12/28/2013 12:00:00 AM,512
10,1,11/6/2010 12:00:00 AM,110
10,1,11/13/2010 12:00:00 AM,152
10,1,11/20/2010 12:00:00 AM,150
10,1,11/27/2010 12:00:00 AM,110
10,1,12/4/2010 12:00:00 AM,142
10,1,12/11/2010 12:00:00 AM,152
10,1,12/18/2010 12:00:00 AM,136
10,1,12/25/2010 12:00:00 AM,182
10,1,1/1/2011 12:00:00 AM,180
10,1,1/8/2011 12:00:00 AM,192
10,1,1/15/2011 12:00:00 AM,220
10,1,1/22/2011 12:00:00 AM,180
10,1,1/29/2011 12:00:00 AM,196
10,1,2/5/2011 12:00:00 AM,182
10,1,2/12/2011 12:00:00 AM,188
10,1,2/19/2011 12:00:00 AM,188
10,1,2/26/2011 12:00:00 AM,180
10,1,3/5/2011 12:00:00 AM,196
10,1,3/12/2011 12:00:00 AM,228
10,1,3/19/2011 12:00:00 AM,188
10,1,3/26/2011 12:00:00 AM,128
10,1,4/2/2011 12:00:00 AM,130
10,1,4/9/2011 12:00:00 AM,124
10,1,4/16/2011 12:00:00 AM,124
10,1,4/23/2011 12:00:00 AM,114
10,1,4/30/2011 12:00:00 AM,92
10,1,5/7/2011 12:00:00 AM,106
10,1,5/14/2011 12:00:00 AM,116
10,1,5/21/2011 12:00:00 AM,88
10,1,5/28/2011 12:00:00 AM,82
10,1,6/4/2011 12:00:00 AM,116
10,1,6/11/2011 12:00:00 AM,132
10,1,6/18/2011 12:00:00 AM,76
10,1,6/25/2011 12:00:00 AM,116
10,1,7/2/2011 12:00:00 AM,100
10,1,7/9/2011 12:00:00 AM,80
10,1,7/16/2011 12:00:00 AM,124
10,1,7/23/2011 12:00:00 AM,116
10,1,7/30/2011 12:00:00 AM,80
10,1,8/6/2011 12:00:00 AM,102
10,1,8/13/2011 12:00:00 AM,92
10,1,8/20/2011 12:00:00 AM,94
10,1,8/27/2011 12:00:00 AM,96
10,1,9/3/2011 12:00:00 AM,92
10,1,9/10/2011 12:00:00 AM,98
10,1,9/17/2011 12:00:00 AM,74
10,1,9/24/2011 12:00:00 AM,104
10,1,10/1/2011 12:00:00 AM,106
10,1,10/8/2011 12:00:00 AM,104
10,1,10/15/2011 12:00:00 AM,126
10,1,10/22/2011 12:00:00 AM,116
10,1,10/29/2011 12:00:00 AM,116
10,1,11/5/2011 12:00:00 AM,100
10,1,11/12/2011 12:00:00 AM,140
10,1,11/19/2011 12:00:00 AM,130
10,1,11/26/2011 12:00:00 AM,118
10,1,12/3/2011 12:00:00 AM,150
10,1,12/10/2011 12:00:00 AM,150
10,1,12/17/2011 12:00:00 AM,198
10,1,12/24/2011 12:00:00 AM,140
10,1,12/31/2011 12:00:00 AM,172
10,1,1/7/2012 12:00:00 AM,182
10,1,1/14/2012 12:00:00 AM,242
10,1,1/21/2012 12:00:00 AM,176
10,1,1/28/2012 12:00:00 AM,190
10,1,2/4/2012 12:00:00 AM,234
10,1,2/11/2012 12:00:00 AM,196
10,1,2/18/2012 12:00:00 AM,270
10,1,2/25/2012 12:00:00 AM,224
10,1,3/3/2012 12:00:00 AM,236
10,1,3/10/2012 12:00:00 AM,232
10,1,3/17/2012 12:00:00 AM,184
10,1,3/24/2012 12:00:00 AM,140
10,1,3/31/2012 12:00:00 AM,106
10,1,4/7/2012 12:00:00 AM,92
10,1,4/14/2012 12:00:00 AM,108
10,1,4/21/2012 12:00:00 AM,132
10,1,4/28/2012 12:00:00 AM,94
10,1,5/5/2012 12:00:00 AM,128
10,1,5/12/2012 12:00:00 AM,106
10,1,5/19/2012 12:00:00 AM,104
10,1,5/26/2012 12:00:00 AM,122
10,1,6/2/2012 12:00:00 AM,88
10,1,6/9/2012 12:00:00 AM,140
10,1,6/16/2012 12:00:00 AM,100
10,1,6/23/2012 12:00:00 AM,86
10,1,6/30/2012 12:00:00 AM,104
10,1,7/7/2012 12:00:00 AM,118
10,1,7/14/2012 12:00:00 AM,92
10,1,7/21/2012 12:00:00 AM,98
10,1,7/28/2012 12:00:00 AM,82
10,1,8/4/2012 12:00:00 AM,92
10,1,8/11/2012 12:00:00 AM,112
10,1,8/18/2012 12:00:00 AM,94
10,1,8/25/2012 12:00:00 AM,86
10,1,9/1/2012 12:00:00 AM,58
10,1,9/8/2012 12:00:00 AM,70
10,1,9/15/2012 12:00:00 AM,78
10,1,9/22/2012 12:00:00 AM,110
10,1,9/29/2012 12:00:00 AM,94
10,1,10/6/2012 12:00:00 AM,132
10,1,10/13/2012 12:00:00 AM,120
10,1,10/20/2012 12:00:00 AM,108
10,1,10/27/2012 12:00:00 AM,110
10,1,11/3/2012 12:00:00 AM,110
10,1,11/10/2012 12:00:00 AM,150
10,1,11/17/2012 12:00:00 AM,138
10,1,11/24/2012 12:00:00 AM,156
10,1,12/1/2012 12:00:00 AM,170
10,1,12/8/2012 12:00:00 AM,182
10,1,12/15/2012 12:00:00 AM,202
10,1,12/22/2012 12:00:00 AM,194
10,1,12/29/2012 12:00:00 AM,172
10,1,1/5/2013 12:00:00 AM,222
10,1,1/12/2013 12:00:00 AM,266
10,1,1/19/2013 12:00:00 AM,270
10,1,1/26/2013 12:00:00 AM,280
10,1,2/2/2013 12:00:00 AM,292
10,1,2/9/2013 12:00:00 AM,346
10,1,2/16/2013 12:00:00 AM,268
10,1,2/23/2013 12:00:00 AM,248
10,1,3/2/2013 12:00:00 AM,226
10,1,3/9/2013 12:00:00 AM,268
10,1,3/16/2013 12:00:00 AM,242
10,1,3/23/2013 12:00:00 AM,192
10,1,3/30/2013 12:00:00 AM,130
10,1,4/6/2013 12:00:00 AM,164
10,1,4/13/2013 12:00:00 AM,168
10,1,4/20/2013 12:00:00 AM,122
10,1,4/27/2013 12:00:00 AM,112
10,1,5/4/2013 12:00:00 AM,108
10,1,5/11/2013 12:00:00 AM,102
10,1,5/18/2013 12:00:00 AM,98
10,1,5/25/2013 12:00:00 AM,88
10,1,6/1/2013 12:00:00 AM,90
10,1,6/8/2013 12:00:00 AM,92
10,1,6/15/2013 12:00:00 AM,122
10,1,6/22/2013 12:00:00 AM,120
10,1,6/29/2013 12:00:00 AM,94
10,1,7/6/2013 12:00:00 AM,104
10,1,7/13/2013 12:00:00 AM,108
10,1,7/20/2013 12:00:00 AM,114
10,1,7/27/2013 12:00:00 AM,88
10,1,8/3/2013 12:00:00 AM,82
10,1,8/10/2013 12:00:00 AM,92
10,1,8/17/2013 12:00:00 AM,92
10,1,8/24/2013 12:00:00 AM,72
10,1,8/31/2013 12:00:00 AM,112
10,1,9/7/2013 12:00:00 AM,96
10,1,9/14/2013 12:00:00 AM,100
10,1,9/21/2013 12:00:00 AM,96
10,1,9/28/2013 12:00:00 AM,112
10,1,10/5/2013 12:00:00 AM,108
10,1,10/12/2013 12:00:00 AM,118
10,1,10/19/2013 12:00:00 AM,88
10,1,10/26/2013 12:00:00 AM,94
10,1,11/9/2013 12:00:00 AM,106
10,1,11/16/2013 12:00:00 AM,112
10,1,11/23/2013 12:00:00 AM,128
10,1,11/30/2013 12:00:00 AM,124
10,1,12/7/2013 12:00:00 AM,178
10,1,12/14/2013 12:00:00 AM,160
10,1,12/21/2013 12:00:00 AM,156
10,1,12/28/2013 12:00:00 AM,136
11,1,11/6/2010 12:00:00 AM,122
11,1,11/13/2010 12:00:00 AM,152
11,1,11/20/2010 12:00:00 AM,134
11,1,11/27/2010 12:00:00 AM,116
11,1,12/4/2010 12:00:00 AM,100
11,1,12/11/2010 12:00:00 AM,152
11,1,12/18/2010 12:00:00 AM,162
11,1,12/25/2010 12:00:00 AM,136
11,1,1/1/2011 12:00:00 AM,134
11,1,1/8/2011 12:00:00 AM,142
11,1,1/15/2011 12:00:00 AM,136
11,1,1/22/2011 12:00:00 AM,168
11,1,1/29/2011 12:00:00 AM,132
11,1,2/5/2011 12:00:00 AM,188
11,1,2/12/2011 12:00:00 AM,182
11,1,2/19/2011 12:00:00 AM,230
11,1,2/26/2011 12:00:00 AM,186
11,1,3/5/2011 12:00:00 AM,260
11,1,3/12/2011 12:00:00 AM,246
11,1,3/19/2011 12:00:00 AM,204
11,1,3/26/2011 12:00:00 AM,184
11,1,4/2/2011 12:00:00 AM,188
11,1,4/9/2011 12:00:00 AM,190
11,1,4/16/2011 12:00:00 AM,182
11,1,4/23/2011 12:00:00 AM,192
11,1,4/30/2011 12:00:00 AM,172
11,1,5/7/2011 12:00:00 AM,230
11,1,5/14/2011 12:00:00 AM,224
11,1,5/21/2011 12:00:00 AM,300
11,1,5/28/2011 12:00:00 AM,222
11,1,6/4/2011 12:00:00 AM,234
11,1,6/11/2011 12:00:00 AM,240
11,1,6/18/2011 12:00:00 AM,270
11,1,6/25/2011 12:00:00 AM,298
11,1,7/2/2011 12:00:00 AM,246
11,1,7/9/2011 12:00:00 AM,284
11,1,7/16/2011 12:00:00 AM,200
11,1,7/23/2011 12:00:00 AM,158
11,1,7/30/2011 12:00:00 AM,186
11,1,8/6/2011 12:00:00 AM,166
11,1,8/13/2011 12:00:00 AM,168
11,1,8/20/2011 12:00:00 AM,150
11,1,8/27/2011 12:00:00 AM,170
11,1,9/3/2011 12:00:00 AM,162
11,1,9/10/2011 12:00:00 AM,174
11,1,9/17/2011 12:00:00 AM,132
11,1,9/24/2011 12:00:00 AM,172
11,1,10/1/2011 12:00:00 AM,140
11,1,10/8/2011 12:00:00 AM,134
11,1,10/15/2011 12:00:00 AM,180
11,1,10/22/2011 12:00:00 AM,142
11,1,10/29/2011 12:00:00 AM,158
11,1,11/5/2011 12:00:00 AM,122
11,1,11/12/2011 12:00:00 AM,164
11,1,11/19/2011 12:00:00 AM,158
11,1,11/26/2011 12:00:00 AM,158
11,1,12/3/2011 12:00:00 AM,114
11,1,12/10/2011 12:00:00 AM,126
11,1,12/17/2011 12:00:00 AM,178
11,1,12/24/2011 12:00:00 AM,132
11,1,12/31/2011 12:00:00 AM,174
11,1,1/7/2012 12:00:00 AM,194
11,1,1/14/2012 12:00:00 AM,216
11,1,1/21/2012 12:00:00 AM,220
11,1,1/28/2012 12:00:00 AM,174
11,1,2/4/2012 12:00:00 AM,188
11,1,2/11/2012 12:00:00 AM,222
11,1,2/18/2012 12:00:00 AM,196
11,1,2/25/2012 12:00:00 AM,194
11,1,3/3/2012 12:00:00 AM,196
11,1,3/10/2012 12:00:00 AM,202
11,1,3/17/2012 12:00:00 AM,218
11,1,3/24/2012 12:00:00 AM,158
11,1,3/31/2012 12:00:00 AM,154
11,1,4/7/2012 12:00:00 AM,204
11,1,4/14/2012 12:00:00 AM,126
11,1,4/21/2012 12:00:00 AM,218
11,1,4/28/2012 12:00:00 AM,144
11,1,5/5/2012 12:00:00 AM,166
11,1,5/12/2012 12:00:00 AM,194
11,1,5/19/2012 12:00:00 AM,164
11,1,5/26/2012 12:00:00 AM,166
11,1,6/2/2012 12:00:00 AM,200
11,1,6/9/2012 12:00:00 AM,224
11,1,6/16/2012 12:00:00 AM,278
11,1,6/23/2012 12:00:00 AM,234
11,1,6/30/2012 12:00:00 AM,200
11,1,7/7/2012 12:00:00 AM,232
11,1,7/14/2012 12:00:00 AM,218
11,1,7/21/2012 12:00:00 AM,220
11,1,7/28/2012 12:00:00 AM,144
11,1,8/4/2012 12:00:00 AM,180
11,1,8/11/2012 12:00:00 AM,268
11,1,8/18/2012 12:00:00 AM,194
11,1,8/25/2012 12:00:00 AM,186
11,1,9/1/2012 12:00:00 AM,156
11,1,9/8/2012 12:00:00 AM,220
11,1,9/15/2012 12:00:00 AM,194
11,1,9/22/2012 12:00:00 AM,154
11,1,9/29/2012 12:00:00 AM,152
11,1,10/6/2012 12:00:00 AM,148
11,1,10/13/2012 12:00:00 AM,144
11,1,10/20/2012 12:00:00 AM,210
11,1,10/27/2012 12:00:00 AM,144
11,1,11/3/2012 12:00:00 AM,160
11,1,11/10/2012 12:00:00 AM,188
11,1,11/17/2012 12:00:00 AM,168
11,1,11/24/2012 12:00:00 AM,148
11,1,12/1/2012 12:00:00 AM,142
11,1,12/8/2012 12:00:00 AM,118
11,1,12/15/2012 12:00:00 AM,178
11,1,12/22/2012 12:00:00 AM,142
11,1,12/29/2012 12:00:00 AM,186
11,1,1/5/2013 12:00:00 AM,196
11,1,1/12/2013 12:00:00 AM,180
11,1,1/19/2013 12:00:00 AM,148
11,1,1/26/2013 12:00:00 AM,270
11,1,2/2/2013 12:00:00 AM,172
11,1,2/9/2013 12:00:00 AM,206
11,1,2/16/2013 12:00:00 AM,176
11,1,2/23/2013 12:00:00 AM,280
11,1,3/2/2013 12:00:00 AM,304
11,1,3/9/2013 12:00:00 AM,262
11,1,3/16/2013 12:00:00 AM,262
11,1,3/23/2013 12:00:00 AM,204
11,1,3/30/2013 12:00:00 AM,208
11,1,4/6/2013 12:00:00 AM,194
11,1,4/13/2013 12:00:00 AM,222
11,1,4/20/2013 12:00:00 AM,194
11,1,4/27/2013 12:00:00 AM,272
11,1,5/4/2013 12:00:00 AM,264
11,1,5/11/2013 12:00:00 AM,228
11,1,5/18/2013 12:00:00 AM,222
11,1,5/25/2013 12:00:00 AM,218
11,1,6/1/2013 12:00:00 AM,228
11,1,6/8/2013 12:00:00 AM,266
11,1,6/15/2013 12:00:00 AM,192
11,1,6/22/2013 12:00:00 AM,212
11,1,6/29/2013 12:00:00 AM,250
11,1,7/6/2013 12:00:00 AM,278
11,1,7/13/2013 12:00:00 AM,192
11,1,7/20/2013 12:00:00 AM,214
11,1,7/27/2013 12:00:00 AM,144
11,1,8/3/2013 12:00:00 AM,144
11,1,8/10/2013 12:00:00 AM,164
11,1,8/17/2013 12:00:00 AM,168
11,1,8/24/2013 12:00:00 AM,150
11,1,8/31/2013 12:00:00 AM,166
11,1,9/7/2013 12:00:00 AM,136
11,1,9/14/2013 12:00:00 AM,150
11,1,9/21/2013 12:00:00 AM,182
11,1,9/28/2013 12:00:00 AM,134
11,1,10/5/2013 12:00:00 AM,200
11,1,10/12/2013 12:00:00 AM,152
11,1,10/19/2013 12:00:00 AM,172
11,1,10/26/2013 12:00:00 AM,160
11,1,11/9/2013 12:00:00 AM,172
11,1,11/16/2013 12:00:00 AM,164
11,1,11/23/2013 12:00:00 AM,106
11,1,11/30/2013 12:00:00 AM,152
11,1,12/7/2013 12:00:00 AM,116
11,1,12/14/2013 12:00:00 AM,150
11,1,12/21/2013 12:00:00 AM,180
11,1,12/28/2013 12:00:00 AM,182
12,1,11/6/2010 12:00:00 AM,1270
12,1,11/13/2010 12:00:00 AM,1628
12,1,11/20/2010 12:00:00 AM,1412
12,1,11/27/2010 12:00:00 AM,1366
12,1,12/4/2010 12:00:00 AM,1408
12,1,12/11/2010 12:00:00 AM,1166
12,1,12/18/2010 12:00:00 AM,1470
12,1,12/25/2010 12:00:00 AM,1508
12,1,1/1/2011 12:00:00 AM,1400
12,1,1/8/2011 12:00:00 AM,1374
12,1,1/15/2011 12:00:00 AM,1648
12,1,1/22/2011 12:00:00 AM,2022
12,1,1/29/2011 12:00:00 AM,2064
12,1,2/5/2011 12:00:00 AM,1764
12,1,2/12/2011 12:00:00 AM,1672
12,1,2/19/2011 12:00:00 AM,2314
12,1,2/26/2011 12:00:00 AM,2254
12,1,3/5/2011 12:00:00 AM,2090
12,1,3/12/2011 12:00:00 AM,1646
12,1,3/19/2011 12:00:00 AM,1670
12,1,3/26/2011 12:00:00 AM,1474
12,1,4/2/2011 12:00:00 AM,1240
12,1,4/9/2011 12:00:00 AM,1476
12,1,4/16/2011 12:00:00 AM,1130
12,1,4/23/2011 12:00:00 AM,1520
12,1,4/30/2011 12:00:00 AM,1304
12,1,5/7/2011 12:00:00 AM,1280
12,1,5/14/2011 12:00:00 AM,1396
12,1,5/21/2011 12:00:00 AM,1414
12,1,5/28/2011 12:00:00 AM,1296
12,1,6/4/2011 12:00:00 AM,1348
12,1,6/11/2011 12:00:00 AM,1378
12,1,6/18/2011 12:00:00 AM,1534
12,1,6/25/2011 12:00:00 AM,1260
12,1,7/2/2011 12:00:00 AM,1162
12,1,7/9/2011 12:00:00 AM,1176
12,1,7/16/2011 12:00:00 AM,1354
12,1,7/23/2011 12:00:00 AM,1068
12,1,7/30/2011 12:00:00 AM,1132
12,1,8/6/2011 12:00:00 AM,1436
12,1,8/13/2011 12:00:00 AM,1278
12,1,8/20/2011 12:00:00 AM,1260
12,1,8/27/2011 12:00:00 AM,1232
12,1,9/3/2011 12:00:00 AM,1436
12,1,9/10/2011 12:00:00 AM,1130
12,1,9/17/2011 12:00:00 AM,1298
12,1,9/24/2011 12:00:00 AM,1412
12,1,10/1/2011 12:00:00 AM,1308
12,1,10/8/2011 12:00:00 AM,1636
12,1,10/15/2011 12:00:00 AM,1364
12,1,10/22/2011 12:00:00 AM,1422
12,1,10/29/2011 12:00:00 AM,1430
12,1,11/5/2011 12:00:00 AM,1164
12,1,11/12/2011 12:00:00 AM,1432
12,1,11/19/2011 12:00:00 AM,1370
12,1,11/26/2011 12:00:00 AM,1070
12,1,12/3/2011 12:00:00 AM,1060
12,1,12/10/2011 12:00:00 AM,930
12,1,12/17/2011 12:00:00 AM,1074
12,1,12/24/2011 12:00:00 AM,1324
12,1,12/31/2011 12:00:00 AM,1090
12,1,1/7/2012 12:00:00 AM,1302
12,1,1/14/2012 12:00:00 AM,1078
12,1,1/21/2012 12:00:00 AM,1250
12,1,1/28/2012 12:00:00 AM,1146
12,1,2/4/2012 12:00:00 AM,1354
12,1,2/11/2012 12:00:00 AM,1078
12,1,2/18/2012 12:00:00 AM,1350
12,1,2/25/2012 12:00:00 AM,1634
12,1,3/3/2012 12:00:00 AM,1416
12,1,3/10/2012 12:00:00 AM,1626
12,1,3/17/2012 12:00:00 AM,1610
12,1,3/24/2012 12:00:00 AM,1300
12,1,3/31/2012 12:00:00 AM,1492
12,1,4/7/2012 12:00:00 AM,1586
12,1,4/14/2012 12:00:00 AM,1526
12,1,4/21/2012 12:00:00 AM,1522
12,1,4/28/2012 12:00:00 AM,1402
12,1,5/5/2012 12:00:00 AM,1568
12,1,5/12/2012 12:00:00 AM,1672
12,1,5/19/2012 12:00:00 AM,1584
12,1,5/26/2012 12:00:00 AM,1734
12,1,6/2/2012 12:00:00 AM,1642
12,1,6/9/2012 12:00:00 AM,1622
12,1,6/16/2012 12:00:00 AM,1850
12,1,6/23/2012 12:00:00 AM,1664
12,1,6/30/2012 12:00:00 AM,1436
12,1,7/7/2012 12:00:00 AM,952
12,1,7/14/2012 12:00:00 AM,968
12,1,7/21/2012 12:00:00 AM,940
12,1,7/28/2012 12:00:00 AM,782
12,1,8/4/2012 12:00:00 AM,902
12,1,8/11/2012 12:00:00 AM,1086
12,1,8/18/2012 12:00:00 AM,932
12,1,8/25/2012 12:00:00 AM,912
12,1,9/1/2012 12:00:00 AM,984
12,1,9/8/2012 12:00:00 AM,1004
12,1,9/15/2012 12:00:00 AM,1128
12,1,9/22/2012 12:00:00 AM,1394
12,1,9/29/2012 12:00:00 AM,1204
12,1,10/6/2012 12:00:00 AM,1024
12,1,10/13/2012 12:00:00 AM,884
12,1,10/20/2012 12:00:00 AM,986
12,1,10/27/2012 12:00:00 AM,958
12,1,11/3/2012 12:00:00 AM,1060
12,1,11/10/2012 12:00:00 AM,1090
12,1,11/17/2012 12:00:00 AM,1118
12,1,11/24/2012 12:00:00 AM,1122
12,1,12/1/2012 12:00:00 AM,820
12,1,12/8/2012 12:00:00 AM,1076
12,1,12/15/2012 12:00:00 AM,1010
12,1,12/22/2012 12:00:00 AM,1078
12,1,12/29/2012 12:00:00 AM,1056
12,1,1/5/2013 12:00:00 AM,1082
12,1,1/12/2013 12:00:00 AM,942
12,1,1/19/2013 12:00:00 AM,1118
12,1,1/26/2013 12:00:00 AM,958
12,1,2/2/2013 12:00:00 AM,1062
12,1,2/9/2013 12:00:00 AM,1114
12,1,2/16/2013 12:00:00 AM,1172
12,1,2/23/2013 12:00:00 AM,914
12,1,3/2/2013 12:00:00 AM,948
12,1,3/9/2013 12:00:00 AM,1482
12,1,3/16/2013 12:00:00 AM,1428
12,1,3/23/2013 12:00:00 AM,1284
12,1,3/30/2013 12:00:00 AM,1136
12,1,4/6/2013 12:00:00 AM,1124
12,1,4/13/2013 12:00:00 AM,1116
12,1,4/20/2013 12:00:00 AM,1068
12,1,4/27/2013 12:00:00 AM,1114
12,1,5/4/2013 12:00:00 AM,948
12,1,5/11/2013 12:00:00 AM,1096
12,1,5/18/2013 12:00:00 AM,1190
12,1,5/25/2013 12:00:00 AM,1374
12,1,6/1/2013 12:00:00 AM,1162
12,1,6/8/2013 12:00:00 AM,1030
12,1,6/15/2013 12:00:00 AM,928
12,1,6/22/2013 12:00:00 AM,1224
12,1,6/29/2013 12:00:00 AM,1098
12,1,7/6/2013 12:00:00 AM,1026
12,1,7/13/2013 12:00:00 AM,982
12,1,7/20/2013 12:00:00 AM,856
12,1,7/27/2013 12:00:00 AM,872
12,1,8/3/2013 12:00:00 AM,684
12,1,8/10/2013 12:00:00 AM,754
12,1,8/17/2013 12:00:00 AM,658
12,1,8/24/2013 12:00:00 AM,692
12,1,8/31/2013 12:00:00 AM,690
12,1,9/7/2013 12:00:00 AM,762
12,1,9/14/2013 12:00:00 AM,878
12,1,9/21/2013 12:00:00 AM,658
12,1,9/28/2013 12:00:00 AM,904
12,1,10/5/2013 12:00:00 AM,760
12,1,10/12/2013 12:00:00 AM,722
12,1,10/19/2013 12:00:00 AM,942
12,1,10/26/2013 12:00:00 AM,844
12,1,11/9/2013 12:00:00 AM,750
12,1,11/16/2013 12:00:00 AM,954
12,1,11/23/2013 12:00:00 AM,830
12,1,11/30/2013 12:00:00 AM,780
12,1,12/7/2013 12:00:00 AM,952
12,1,12/14/2013 12:00:00 AM,974
12,1,12/21/2013 12:00:00 AM,1570
12,1,12/28/2013 12:00:00 AM,1470
13,1,11/6/2010 12:00:00 AM,958
13,1,11/13/2010 12:00:00 AM,1374
13,1,11/20/2010 12:00:00 AM,1164
13,1,11/27/2010 12:00:00 AM,1058
13,1,12/4/2010 12:00:00 AM,954
13,1,12/11/2010 12:00:00 AM,910
13,1,12/18/2010 12:00:00 AM,1222
13,1,12/25/2010 12:00:00 AM,1176
13,1,1/1/2011 12:00:00 AM,1202
13,1,1/8/2011 12:00:00 AM,1036
13,1,1/15/2011 12:00:00 AM,1392
13,1,1/22/2011 12:00:00 AM,1508
13,1,1/29/2011 12:00:00 AM,1692
13,1,2/5/2011 12:00:00 AM,1344
13,1,2/12/2011 12:00:00 AM,1296
13,1,2/19/2011 12:00:00 AM,1820
13,1,2/26/2011 12:00:00 AM,1746
13,1,3/5/2011 12:00:00 AM,1678
13,1,3/12/2011 12:00:00 AM,1256
13,1,3/19/2011 12:00:00 AM,1336
13,1,3/26/2011 12:00:00 AM,1098
13,1,4/2/2011 12:00:00 AM,944
13,1,4/9/2011 12:00:00 AM,1284
13,1,4/16/2011 12:00:00 AM,898
13,1,4/23/2011 12:00:00 AM,1152
13,1,4/30/2011 12:00:00 AM,1026
13,1,5/7/2011 12:00:00 AM,962
13,1,5/14/2011 12:00:00 AM,1088
13,1,5/21/2011 12:00:00 AM,1114
13,1,5/28/2011 12:00:00 AM,1048
13,1,6/4/2011 12:00:00 AM,1130
13,1,6/11/2011 12:00:00 AM,960
13,1,6/18/2011 12:00:00 AM,1124
13,1,6/25/2011 12:00:00 AM,1028
13,1,7/2/2011 12:00:00 AM,952
13,1,7/9/2011 12:00:00 AM,868
13,1,7/16/2011 12:00:00 AM,1066
13,1,7/23/2011 12:00:00 AM,810
13,1,7/30/2011 12:00:00 AM,898
13,1,8/6/2011 12:00:00 AM,1112
13,1,8/13/2011 12:00:00 AM,942
13,1,8/20/2011 12:00:00 AM,902
13,1,8/27/2011 12:00:00 AM,956
13,1,9/3/2011 12:00:00 AM,976
13,1,9/10/2011 12:00:00 AM,870
13,1,9/17/2011 12:00:00 AM,1022
13,1,9/24/2011 12:00:00 AM,1130
13,1,10/1/2011 12:00:00 AM,994
13,1,10/8/2011 12:00:00 AM,1336
13,1,10/15/2011 12:00:00 AM,1014
13,1,10/22/2011 12:00:00 AM,1028
13,1,10/29/2011 12:00:00 AM,1204
13,1,11/5/2011 12:00:00 AM,1010
13,1,11/12/2011 12:00:00 AM,1012
13,1,11/19/2011 12:00:00 AM,1046
13,1,11/26/2011 12:00:00 AM,882
13,1,12/3/2011 12:00:00 AM,928
13,1,12/10/2011 12:00:00 AM,768
13,1,12/17/2011 12:00:00 AM,950
13,1,12/24/2011 12:00:00 AM,906
13,1,12/31/2011 12:00:00 AM,896
13,1,1/7/2012 12:00:00 AM,942
13,1,1/14/2012 12:00:00 AM,752
13,1,1/21/2012 12:00:00 AM,1096
13,1,1/28/2012 12:00:00 AM,928
13,1,2/4/2012 12:00:00 AM,1088
13,1,2/11/2012 12:00:00 AM,876
13,1,2/18/2012 12:00:00 AM,1116
13,1,2/25/2012 12:00:00 AM,1338
13,1,3/3/2012 12:00:00 AM,1206
13,1,3/10/2012 12:00:00 AM,1300
13,1,3/17/2012 12:00:00 AM,1194
13,1,3/24/2012 12:00:00 AM,1050
13,1,3/31/2012 12:00:00 AM,1230
13,1,4/7/2012 12:00:00 AM,1260
13,1,4/14/2012 12:00:00 AM,1196
13,1,4/21/2012 12:00:00 AM,1222
13,1,4/28/2012 12:00:00 AM,1208
13,1,5/5/2012 12:00:00 AM,1224
13,1,5/12/2012 12:00:00 AM,1378
13,1,5/19/2012 12:00:00 AM,1334
13,1,5/26/2012 12:00:00 AM,1422
13,1,6/2/2012 12:00:00 AM,1378
13,1,6/9/2012 12:00:00 AM,1218
13,1,6/16/2012 12:00:00 AM,1468
13,1,6/23/2012 12:00:00 AM,1384
13,1,6/30/2012 12:00:00 AM,1158
13,1,7/7/2012 12:00:00 AM,630
13,1,7/14/2012 12:00:00 AM,560
13,1,7/21/2012 12:00:00 AM,614
13,1,7/28/2012 12:00:00 AM,594
13,1,8/4/2012 12:00:00 AM,676
13,1,8/11/2012 12:00:00 AM,730
13,1,8/18/2012 12:00:00 AM,704
13,1,8/25/2012 12:00:00 AM,704
13,1,9/1/2012 12:00:00 AM,710
13,1,9/8/2012 12:00:00 AM,806
13,1,9/15/2012 12:00:00 AM,782
13,1,9/22/2012 12:00:00 AM,1046
13,1,9/29/2012 12:00:00 AM,888
13,1,10/6/2012 12:00:00 AM,810
13,1,10/13/2012 12:00:00 AM,750
13,1,10/20/2012 12:00:00 AM,678
13,1,10/27/2012 12:00:00 AM,670
13,1,11/3/2012 12:00:00 AM,750
13,1,11/10/2012 12:00:00 AM,764
13,1,11/17/2012 12:00:00 AM,674
13,1,11/24/2012 12:00:00 AM,752
13,1,12/1/2012 12:00:00 AM,556
13,1,12/8/2012 12:00:00 AM,838
13,1,12/15/2012 12:00:00 AM,718
13,1,12/22/2012 12:00:00 AM,772
13,1,12/29/2012 12:00:00 AM,782
13,1,1/5/2013 12:00:00 AM,654
13,1,1/12/2013 12:00:00 AM,594
13,1,1/19/2013 12:00:00 AM,844
13,1,1/26/2013 12:00:00 AM,746
13,1,2/2/2013 12:00:00 AM,838
13,1,2/9/2013 12:00:00 AM,854
13,1,2/16/2013 12:00:00 AM,876
13,1,2/23/2013 12:00:00 AM,744
13,1,3/2/2013 12:00:00 AM,818
13,1,3/9/2013 12:00:00 AM,1088
13,1,3/16/2013 12:00:00 AM,990
13,1,3/23/2013 12:00:00 AM,1040
13,1,3/30/2013 12:00:00 AM,960
13,1,4/6/2013 12:00:00 AM,886
13,1,4/13/2013 12:00:00 AM,864
13,1,4/20/2013 12:00:00 AM,792
13,1,4/27/2013 12:00:00 AM,846
13,1,5/4/2013 12:00:00 AM,726
13,1,5/11/2013 12:00:00 AM,802
13,1,5/18/2013 12:00:00 AM,990
13,1,5/25/2013 12:00:00 AM,956
13,1,6/1/2013 12:00:00 AM,858
13,1,6/8/2013 12:00:00 AM,788
13,1,6/15/2013 12:00:00 AM,638
13,1,6/22/2013 12:00:00 AM,772
13,1,6/29/2013 12:00:00 AM,692
13,1,7/6/2013 12:00:00 AM,636
13,1,7/13/2013 12:00:00 AM,690
13,1,7/20/2013 12:00:00 AM,530
13,1,7/27/2013 12:00:00 AM,558
13,1,8/3/2013 12:00:00 AM,554
13,1,8/10/2013 12:00:00 AM,596
13,1,8/17/2013 12:00:00 AM,466
13,1,8/24/2013 12:00:00 AM,582
13,1,8/31/2013 12:00:00 AM,590
13,1,9/7/2013 12:00:00 AM,596
13,1,9/14/2013 12:00:00 AM,610
13,1,9/21/2013 12:00:00 AM,510
13,1,9/28/2013 12:00:00 AM,622
13,1,10/5/2013 12:00:00 AM,628
13,1,10/12/2013 12:00:00 AM,556
13,1,10/19/2013 12:00:00 AM,672
13,1,10/26/2013 12:00:00 AM,646
13,1,11/9/2013 12:00:00 AM,556
13,1,11/16/2013 12:00:00 AM,738
13,1,11/23/2013 12:00:00 AM,646
13,1,11/30/2013 12:00:00 AM,658
13,1,12/7/2013 12:00:00 AM,854
13,1,12/14/2013 12:00:00 AM,840
13,1,12/21/2013 12:00:00 AM,1326
13,1,12/28/2013 12:00:00 AM,1248
14,1,11/6/2010 12:00:00 AM,412
14,1,11/13/2010 12:00:00 AM,548
14,1,11/20/2010 12:00:00 AM,574
14,1,11/27/2010 12:00:00 AM,506
14,1,12/4/2010 12:00:00 AM,628
14,1,12/11/2010 12:00:00 AM,674
14,1,12/18/2010 12:00:00 AM,706
14,1,12/25/2010 12:00:00 AM,774
14,1,1/1/2011 12:00:00 AM,928
14,1,1/8/2011 12:00:00 AM,978
14,1,1/15/2011 12:00:00 AM,930
14,1,1/22/2011 12:00:00 AM,830
14,1,1/29/2011 12:00:00 AM,850
14,1,2/5/2011 12:00:00 AM,924
14,1,2/12/2011 12:00:00 AM,948
14,1,2/19/2011 12:00:00 AM,1004
14,1,2/26/2011 12:00:00 AM,992
14,1,3/5/2011 12:00:00 AM,1052
14,1,3/12/2011 12:00:00 AM,962
14,1,3/19/2011 12:00:00 AM,906
14,1,3/26/2011 12:00:00 AM,706
14,1,4/2/2011 12:00:00 AM,792
14,1,4/9/2011 12:00:00 AM,764
14,1,4/16/2011 12:00:00 AM,706
14,1,4/23/2011 12:00:00 AM,554
14,1,4/30/2011 12:00:00 AM,446
14,1,5/7/2011 12:00:00 AM,484
14,1,5/14/2011 12:00:00 AM,482
14,1,5/21/2011 12:00:00 AM,432
14,1,5/28/2011 12:00:00 AM,448
14,1,6/4/2011 12:00:00 AM,530
14,1,6/11/2011 12:00:00 AM,612
14,1,6/18/2011 12:00:00 AM,506
14,1,6/25/2011 12:00:00 AM,458
14,1,7/2/2011 12:00:00 AM,500
14,1,7/9/2011 12:00:00 AM,544
14,1,7/16/2011 12:00:00 AM,500
14,1,7/23/2011 12:00:00 AM,584
14,1,7/30/2011 12:00:00 AM,526
14,1,8/6/2011 12:00:00 AM,470
14,1,8/13/2011 12:00:00 AM,478
14,1,8/20/2011 12:00:00 AM,376
14,1,8/27/2011 12:00:00 AM,466
14,1,9/3/2011 12:00:00 AM,292
14,1,9/10/2011 12:00:00 AM,346
14,1,9/17/2011 12:00:00 AM,370
14,1,9/24/2011 12:00:00 AM,348
14,1,10/1/2011 12:00:00 AM,360
14,1,10/8/2011 12:00:00 AM,500
14,1,10/15/2011 12:00:00 AM,498
14,1,10/22/2011 12:00:00 AM,478
14,1,10/29/2011 12:00:00 AM,424
14,1,11/5/2011 12:00:00 AM,424
14,1,11/12/2011 12:00:00 AM,448
14,1,11/19/2011 12:00:00 AM,480
14,1,11/26/2011 12:00:00 AM,470
14,1,12/3/2011 12:00:00 AM,460
14,1,12/10/2011 12:00:00 AM,566
14,1,12/17/2011 12:00:00 AM,608
14,1,12/24/2011 12:00:00 AM,698
14,1,12/31/2011 12:00:00 AM,702
14,1,1/7/2012 12:00:00 AM,756
14,1,1/14/2012 12:00:00 AM,900
14,1,1/21/2012 12:00:00 AM,990
14,1,1/28/2012 12:00:00 AM,906
14,1,2/4/2012 12:00:00 AM,1068
14,1,2/11/2012 12:00:00 AM,994
14,1,2/18/2012 12:00:00 AM,984
14,1,2/25/2012 12:00:00 AM,954
14,1,3/3/2012 12:00:00 AM,988
14,1,3/10/2012 12:00:00 AM,1016
14,1,3/17/2012 12:00:00 AM,864
14,1,3/24/2012 12:00:00 AM,722
14,1,3/31/2012 12:00:00 AM,634
14,1,4/7/2012 12:00:00 AM,628
14,1,4/14/2012 12:00:00 AM,528
14,1,4/21/2012 12:00:00 AM,634
14,1,4/28/2012 12:00:00 AM,526
14,1,5/5/2012 12:00:00 AM,634
14,1,5/12/2012 12:00:00 AM,564
14,1,5/19/2012 12:00:00 AM,586
14,1,5/26/2012 12:00:00 AM,574
14,1,6/2/2012 12:00:00 AM,630
14,1,6/9/2012 12:00:00 AM,570
14,1,6/16/2012 12:00:00 AM,622
14,1,6/23/2012 12:00:00 AM,658
14,1,6/30/2012 12:00:00 AM,648
14,1,7/7/2012 12:00:00 AM,806
14,1,7/14/2012 12:00:00 AM,760
14,1,7/21/2012 12:00:00 AM,608
14,1,7/28/2012 12:00:00 AM,588
14,1,8/4/2012 12:00:00 AM,590
14,1,8/11/2012 12:00:00 AM,634
14,1,8/18/2012 12:00:00 AM,512
14,1,8/25/2012 12:00:00 AM,410
14,1,9/1/2012 12:00:00 AM,442
14,1,9/8/2012 12:00:00 AM,474
14,1,9/15/2012 12:00:00 AM,478
14,1,9/22/2012 12:00:00 AM,508
14,1,9/29/2012 12:00:00 AM,470
14,1,10/6/2012 12:00:00 AM,464
14,1,10/13/2012 12:00:00 AM,400
14,1,10/20/2012 12:00:00 AM,470
14,1,10/27/2012 12:00:00 AM,540
14,1,11/3/2012 12:00:00 AM,304
14,1,11/10/2012 12:00:00 AM,362
14,1,11/17/2012 12:00:00 AM,388
14,1,11/24/2012 12:00:00 AM,308
14,1,12/1/2012 12:00:00 AM,306
14,1,12/8/2012 12:00:00 AM,302
14,1,12/15/2012 12:00:00 AM,216
14,1,12/22/2012 12:00:00 AM,800
14,1,12/29/2012 12:00:00 AM,874
14,1,1/5/2013 12:00:00 AM,1032
14,1,1/12/2013 12:00:00 AM,1204
14,1,1/19/2013 12:00:00 AM,1394
14,1,1/26/2013 12:00:00 AM,1132
14,1,2/2/2013 12:00:00 AM,1228
14,1,2/9/2013 12:00:00 AM,1166
14,1,2/16/2013 12:00:00 AM,982
14,1,2/23/2013 12:00:00 AM,994
14,1,3/2/2013 12:00:00 AM,982
14,1,3/9/2013 12:00:00 AM,1044
14,1,3/16/2013 12:00:00 AM,946
14,1,3/23/2013 12:00:00 AM,964
14,1,3/30/2013 12:00:00 AM,974
14,1,4/6/2013 12:00:00 AM,824
14,1,4/13/2013 12:00:00 AM,1082
14,1,4/20/2013 12:00:00 AM,860
14,1,4/27/2013 12:00:00 AM,690
14,1,5/4/2013 12:00:00 AM,734
14,1,5/11/2013 12:00:00 AM,798
14,1,5/18/2013 12:00:00 AM,582
14,1,5/25/2013 12:00:00 AM,554
14,1,6/1/2013 12:00:00 AM,656
14,1,6/8/2013 12:00:00 AM,658
14,1,6/15/2013 12:00:00 AM,566
14,1,6/22/2013 12:00:00 AM,554
14,1,6/29/2013 12:00:00 AM,628
14,1,7/6/2013 12:00:00 AM,622
14,1,7/13/2013 12:00:00 AM,656
14,1,7/20/2013 12:00:00 AM,710
14,1,7/27/2013 12:00:00 AM,562
14,1,8/3/2013 12:00:00 AM,472
14,1,8/10/2013 12:00:00 AM,438
14,1,8/17/2013 12:00:00 AM,464
14,1,8/24/2013 12:00:00 AM,418
14,1,8/31/2013 12:00:00 AM,426
14,1,9/7/2013 12:00:00 AM,448
14,1,9/14/2013 12:00:00 AM,496
14,1,9/21/2013 12:00:00 AM,478
14,1,9/28/2013 12:00:00 AM,412
14,1,10/5/2013 12:00:00 AM,400
14,1,10/12/2013 12:00:00 AM,444
14,1,10/19/2013 12:00:00 AM,434
14,1,10/26/2013 12:00:00 AM,394
14,1,11/9/2013 12:00:00 AM,522
14,1,11/16/2013 12:00:00 AM,582
14,1,11/23/2013 12:00:00 AM,636
14,1,11/30/2013 12:00:00 AM,528
14,1,12/7/2013 12:00:00 AM,704
14,1,12/14/2013 12:00:00 AM,674
14,1,12/21/2013 12:00:00 AM,742
14,1,12/28/2013 12:00:00 AM,694
15,1,11/6/2010 12:00:00 AM,124
15,1,11/13/2010 12:00:00 AM,172
15,1,11/20/2010 12:00:00 AM,192
15,1,11/27/2010 12:00:00 AM,212
15,1,12/4/2010 12:00:00 AM,186
15,1,12/11/2010 12:00:00 AM,216
15,1,12/18/2010 12:00:00 AM,296
15,1,12/25/2010 12:00:00 AM,274
15,1,1/1/2011 12:00:00 AM,368
15,1,1/8/2011 12:00:00 AM,282
15,1,1/15/2011 12:00:00 AM,330
15,1,1/22/2011 12:00:00 AM,304
15,1,1/29/2011 12:00:00 AM,272
15,1,2/5/2011 12:00:00 AM,284
15,1,2/12/2011 12:00:00 AM,276
15,1,2/19/2011 12:00:00 AM,390
15,1,2/26/2011 12:00:00 AM,368
15,1,3/5/2011 12:00:00 AM,354
15,1,3/12/2011 12:00:00 AM,348
15,1,3/19/2011 12:00:00 AM,266
15,1,3/26/2011 12:00:00 AM,288
15,1,4/2/2011 12:00:00 AM,202
15,1,4/9/2011 12:00:00 AM,266
15,1,4/16/2011 12:00:00 AM,270
15,1,4/23/2011 12:00:00 AM,196
15,1,4/30/2011 12:00:00 AM,154
15,1,5/7/2011 12:00:00 AM,136
15,1,5/14/2011 12:00:00 AM,188
15,1,5/21/2011 12:00:00 AM,130
15,1,5/28/2011 12:00:00 AM,138
15,1,6/4/2011 12:00:00 AM,196
15,1,6/11/2011 12:00:00 AM,200
15,1,6/18/2011 12:00:00 AM,122
15,1,6/25/2011 12:00:00 AM,106
15,1,7/2/2011 12:00:00 AM,174
15,1,7/9/2011 12:00:00 AM,146
15,1,7/16/2011 12:00:00 AM,156
15,1,7/23/2011 12:00:00 AM,184
15,1,7/30/2011 12:00:00 AM,134
15,1,8/6/2011 12:00:00 AM,120
15,1,8/13/2011 12:00:00 AM,110
15,1,8/20/2011 12:00:00 AM,116
15,1,8/27/2011 12:00:00 AM,108
15,1,9/3/2011 12:00:00 AM,110
15,1,9/10/2011 12:00:00 AM,144
15,1,9/17/2011 12:00:00 AM,114
15,1,9/24/2011 12:00:00 AM,110
15,1,10/1/2011 12:00:00 AM,108
15,1,10/8/2011 12:00:00 AM,112
15,1,10/15/2011 12:00:00 AM,106
15,1,10/22/2011 12:00:00 AM,142
15,1,10/29/2011 12:00:00 AM,132
15,1,11/5/2011 12:00:00 AM,142
15,1,11/12/2011 12:00:00 AM,176
15,1,11/19/2011 12:00:00 AM,144
15,1,11/26/2011 12:00:00 AM,156
15,1,12/3/2011 12:00:00 AM,138
15,1,12/10/2011 12:00:00 AM,170
15,1,12/17/2011 12:00:00 AM,208
15,1,12/24/2011 12:00:00 AM,224
15,1,12/31/2011 12:00:00 AM,244
15,1,1/7/2012 12:00:00 AM,320
15,1,1/14/2012 12:00:00 AM,278
15,1,1/21/2012 12:00:00 AM,276
15,1,1/28/2012 12:00:00 AM,310
15,1,2/4/2012 12:00:00 AM,264
15,1,2/11/2012 12:00:00 AM,386
15,1,2/18/2012 12:00:00 AM,310
15,1,2/25/2012 12:00:00 AM,344
15,1,3/3/2012 12:00:00 AM,304
15,1,3/10/2012 12:00:00 AM,334
15,1,3/17/2012 12:00:00 AM,316
15,1,3/24/2012 12:00:00 AM,218
15,1,3/31/2012 12:00:00 AM,200
15,1,4/7/2012 12:00:00 AM,178
15,1,4/14/2012 12:00:00 AM,188
15,1,4/21/2012 12:00:00 AM,228
15,1,4/28/2012 12:00:00 AM,180
15,1,5/5/2012 12:00:00 AM,210
15,1,5/12/2012 12:00:00 AM,168
15,1,5/19/2012 12:00:00 AM,138
15,1,5/26/2012 12:00:00 AM,176
15,1,6/2/2012 12:00:00 AM,142
15,1,6/9/2012 12:00:00 AM,188
15,1,6/16/2012 12:00:00 AM,196
15,1,6/23/2012 12:00:00 AM,200
15,1,6/30/2012 12:00:00 AM,154
15,1,7/7/2012 12:00:00 AM,162
15,1,7/14/2012 12:00:00 AM,184
15,1,7/21/2012 12:00:00 AM,122
15,1,7/28/2012 12:00:00 AM,148
15,1,8/4/2012 12:00:00 AM,128
15,1,8/11/2012 12:00:00 AM,176
15,1,8/18/2012 12:00:00 AM,138
15,1,8/25/2012 12:00:00 AM,104
15,1,9/1/2012 12:00:00 AM,144
15,1,9/8/2012 12:00:00 AM,142
15,1,9/15/2012 12:00:00 AM,106
15,1,9/22/2012 12:00:00 AM,150
15,1,9/29/2012 12:00:00 AM,114
15,1,10/6/2012 12:00:00 AM,128
15,1,10/13/2012 12:00:00 AM,96
15,1,10/20/2012 12:00:00 AM,132
15,1,10/27/2012 12:00:00 AM,114
15,1,11/3/2012 12:00:00 AM,146
15,1,11/10/2012 12:00:00 AM,114
15,1,11/17/2012 12:00:00 AM,152
15,1,11/24/2012 12:00:00 AM,134
15,1,12/1/2012 12:00:00 AM,122
15,1,12/8/2012 12:00:00 AM,170
15,1,12/15/2012 12:00:00 AM,222
15,1,12/22/2012 12:00:00 AM,300
15,1,12/29/2012 12:00:00 AM,206
15,1,1/5/2013 12:00:00 AM,254
15,1,1/12/2013 12:00:00 AM,312
15,1,1/19/2013 12:00:00 AM,312
15,1,1/26/2013 12:00:00 AM,372
15,1,2/2/2013 12:00:00 AM,416
15,1,2/9/2013 12:00:00 AM,370
15,1,2/16/2013 12:00:00 AM,314
15,1,2/23/2013 12:00:00 AM,348
15,1,3/2/2013 12:00:00 AM,332
15,1,3/9/2013 12:00:00 AM,402
15,1,3/16/2013 12:00:00 AM,366
15,1,3/23/2013 12:00:00 AM,302
15,1,3/30/2013 12:00:00 AM,346
15,1,4/6/2013 12:00:00 AM,326
15,1,4/13/2013 12:00:00 AM,344
15,1,4/20/2013 12:00:00 AM,218
15,1,4/27/2013 12:00:00 AM,196
15,1,5/4/2013 12:00:00 AM,222
15,1,5/11/2013 12:00:00 AM,158
15,1,5/18/2013 12:00:00 AM,136
15,1,5/25/2013 12:00:00 AM,164
15,1,6/1/2013 12:00:00 AM,162
15,1,6/8/2013 12:00:00 AM,138
15,1,6/15/2013 12:00:00 AM,120
15,1,6/22/2013 12:00:00 AM,140
15,1,6/29/2013 12:00:00 AM,110
15,1,7/6/2013 12:00:00 AM,160
15,1,7/13/2013 12:00:00 AM,158
15,1,7/20/2013 12:00:00 AM,188
15,1,7/27/2013 12:00:00 AM,120
15,1,8/3/2013 12:00:00 AM,138
15,1,8/10/2013 12:00:00 AM,98
15,1,8/17/2013 12:00:00 AM,88
15,1,8/24/2013 12:00:00 AM,88
15,1,8/31/2013 12:00:00 AM,94
15,1,9/7/2013 12:00:00 AM,124
15,1,9/14/2013 12:00:00 AM,106
15,1,9/21/2013 12:00:00 AM,124
15,1,9/28/2013 12:00:00 AM,86
15,1,10/5/2013 12:00:00 AM,138
15,1,10/12/2013 12:00:00 AM,152
15,1,10/19/2013 12:00:00 AM,150
15,1,10/26/2013 12:00:00 AM,122
15,1,11/9/2013 12:00:00 AM,148
15,1,11/16/2013 12:00:00 AM,152
15,1,11/23/2013 12:00:00 AM,156
15,1,11/30/2013 12:00:00 AM,140
15,1,12/7/2013 12:00:00 AM,186
15,1,12/14/2013 12:00:00 AM,184
15,1,12/21/2013 12:00:00 AM,220
15,1,12/28/2013 12:00:00 AM,212
